-- MySQL dump 10.13  Distrib 5.7.17, for Win64 (x86_64)
--
-- Host: localhost    Database: npa44fz
-- ------------------------------------------------------
-- Server version	5.7.22-log

/*!40101 SET @OLD_CHARACTER_SET_CLIENT=@@CHARACTER_SET_CLIENT */;
/*!40101 SET @OLD_CHARACTER_SET_RESULTS=@@CHARACTER_SET_RESULTS */;
/*!40101 SET @OLD_COLLATION_CONNECTION=@@COLLATION_CONNECTION */;
/*!40101 SET NAMES utf8 */;
/*!40103 SET @OLD_TIME_ZONE=@@TIME_ZONE */;
/*!40103 SET TIME_ZONE='+00:00' */;
/*!40014 SET @OLD_UNIQUE_CHECKS=@@UNIQUE_CHECKS, UNIQUE_CHECKS=0 */;
/*!40014 SET @OLD_FOREIGN_KEY_CHECKS=@@FOREIGN_KEY_CHECKS, FOREIGN_KEY_CHECKS=0 */;
/*!40101 SET @OLD_SQL_MODE=@@SQL_MODE, SQL_MODE='NO_AUTO_VALUE_ON_ZERO' */;
/*!40111 SET @OLD_SQL_NOTES=@@SQL_NOTES, SQL_NOTES=0 */;

--
-- Table structure for table `auth_assignment`
--

DROP TABLE IF EXISTS `auth_assignment`;
/*!40101 SET @saved_cs_client     = @@character_set_client */;
/*!40101 SET character_set_client = utf8 */;
CREATE TABLE `auth_assignment` (
  `item_name` varchar(64) COLLATE utf8_unicode_ci NOT NULL,
  `user_id` varchar(64) COLLATE utf8_unicode_ci NOT NULL,
  `created_at` int(11) DEFAULT NULL,
  PRIMARY KEY (`item_name`,`user_id`),
  KEY `idx-auth_assignment-user_id` (`user_id`),
  CONSTRAINT `auth_assignment_ibfk_1` FOREIGN KEY (`item_name`) REFERENCES `auth_item` (`name`) ON DELETE CASCADE ON UPDATE CASCADE
) ENGINE=InnoDB DEFAULT CHARSET=utf8 COLLATE=utf8_unicode_ci;
/*!40101 SET character_set_client = @saved_cs_client */;

--
-- Dumping data for table `auth_assignment`
--

LOCK TABLES `auth_assignment` WRITE;
/*!40000 ALTER TABLE `auth_assignment` DISABLE KEYS */;
/*!40000 ALTER TABLE `auth_assignment` ENABLE KEYS */;
UNLOCK TABLES;

--
-- Table structure for table `auth_item`
--

DROP TABLE IF EXISTS `auth_item`;
/*!40101 SET @saved_cs_client     = @@character_set_client */;
/*!40101 SET character_set_client = utf8 */;
CREATE TABLE `auth_item` (
  `name` varchar(64) COLLATE utf8_unicode_ci NOT NULL,
  `type` smallint(6) NOT NULL,
  `description` text COLLATE utf8_unicode_ci,
  `rule_name` varchar(64) COLLATE utf8_unicode_ci DEFAULT NULL,
  `data` blob,
  `created_at` int(11) DEFAULT NULL,
  `updated_at` int(11) DEFAULT NULL,
  PRIMARY KEY (`name`),
  KEY `rule_name` (`rule_name`),
  KEY `idx-auth_item-type` (`type`),
  CONSTRAINT `auth_item_ibfk_1` FOREIGN KEY (`rule_name`) REFERENCES `auth_rule` (`name`) ON DELETE SET NULL ON UPDATE CASCADE
) ENGINE=InnoDB DEFAULT CHARSET=utf8 COLLATE=utf8_unicode_ci;
/*!40101 SET character_set_client = @saved_cs_client */;

--
-- Dumping data for table `auth_item`
--

LOCK TABLES `auth_item` WRITE;
/*!40000 ALTER TABLE `auth_item` DISABLE KEYS */;
INSERT INTO `auth_item` VALUES ('admin',1,'Role of higher access right',NULL,NULL,1527184081,1527184081);
/*!40000 ALTER TABLE `auth_item` ENABLE KEYS */;
UNLOCK TABLES;

--
-- Table structure for table `auth_item_child`
--

DROP TABLE IF EXISTS `auth_item_child`;
/*!40101 SET @saved_cs_client     = @@character_set_client */;
/*!40101 SET character_set_client = utf8 */;
CREATE TABLE `auth_item_child` (
  `parent` varchar(64) COLLATE utf8_unicode_ci NOT NULL,
  `child` varchar(64) COLLATE utf8_unicode_ci NOT NULL,
  PRIMARY KEY (`parent`,`child`),
  KEY `child` (`child`),
  CONSTRAINT `auth_item_child_ibfk_1` FOREIGN KEY (`parent`) REFERENCES `auth_item` (`name`) ON DELETE CASCADE ON UPDATE CASCADE,
  CONSTRAINT `auth_item_child_ibfk_2` FOREIGN KEY (`child`) REFERENCES `auth_item` (`name`) ON DELETE CASCADE ON UPDATE CASCADE
) ENGINE=InnoDB DEFAULT CHARSET=utf8 COLLATE=utf8_unicode_ci;
/*!40101 SET character_set_client = @saved_cs_client */;

--
-- Dumping data for table `auth_item_child`
--

LOCK TABLES `auth_item_child` WRITE;
/*!40000 ALTER TABLE `auth_item_child` DISABLE KEYS */;
/*!40000 ALTER TABLE `auth_item_child` ENABLE KEYS */;
UNLOCK TABLES;

--
-- Table structure for table `auth_rule`
--

DROP TABLE IF EXISTS `auth_rule`;
/*!40101 SET @saved_cs_client     = @@character_set_client */;
/*!40101 SET character_set_client = utf8 */;
CREATE TABLE `auth_rule` (
  `name` varchar(64) COLLATE utf8_unicode_ci NOT NULL,
  `data` blob,
  `created_at` int(11) DEFAULT NULL,
  `updated_at` int(11) DEFAULT NULL,
  PRIMARY KEY (`name`)
) ENGINE=InnoDB DEFAULT CHARSET=utf8 COLLATE=utf8_unicode_ci;
/*!40101 SET character_set_client = @saved_cs_client */;

--
-- Dumping data for table `auth_rule`
--

LOCK TABLES `auth_rule` WRITE;
/*!40000 ALTER TABLE `auth_rule` DISABLE KEYS */;
/*!40000 ALTER TABLE `auth_rule` ENABLE KEYS */;
UNLOCK TABLES;

--
-- Table structure for table `category`
--

DROP TABLE IF EXISTS `category`;
/*!40101 SET @saved_cs_client     = @@character_set_client */;
/*!40101 SET character_set_client = utf8 */;
CREATE TABLE `category` (
  `id` int(11) NOT NULL AUTO_INCREMENT COMMENT 'Идентификатор раздела знаний',
  `parent_id` int(11) DEFAULT '0' COMMENT 'Идентификатор родительского раздела, если 0 то это корневой раздел.',
  `name` varchar(255) DEFAULT NULL COMMENT 'Наименование раздела знаний',
  PRIMARY KEY (`id`)
) ENGINE=MyISAM AUTO_INCREMENT=111 DEFAULT CHARSET=utf8 COMMENT='Разделы знаний';
/*!40101 SET character_set_client = @saved_cs_client */;

--
-- Dumping data for table `category`
--

LOCK TABLES `category` WRITE;
/*!40000 ALTER TABLE `category` DISABLE KEYS */;
INSERT INTO `category` VALUES (1,0,'Вопросы Бюджетного кодекса'),(2,0,'Национальный режим'),(3,0,'Планирование'),(4,0,'Контроль контрактной системы'),(5,0,'Способ определения поставщика'),(6,0,'Общее контрактный управляющий и комиссия'),(7,0,'Требования к участникам закупки'),(8,0,'Общие положения'),(9,0,'Отклонение заявок'),(10,0,'Описание объекта закупки'),(11,0,'Преимущества и преференции'),(12,0,'Контракт'),(13,0,'Извещение и документация'),(14,0,'Обеспечение'),(15,0,'Обоснование НМЦК'),(16,0,'Конкурс'),(17,0,'ЕИС'),(18,0,'Запрос предложений'),(19,0,'Электронный аукцион'),(20,0,'Запрос котировок'),(21,0,'Особые виды закупок'),(22,1,'Бюджетное фининасирование'),(23,3,'План закупок'),(24,3,'План график'),(25,3,'Обоснование закупок'),(26,3,'Нормирование'),(27,3,'ИКЗ'),(28,3,'СГОЗ'),(29,4,'Контроль в сфере закупок'),(30,4,'Финансовый контроль'),(31,4,'Ведомственный контроль'),(32,4,'Аудит счётной палаты'),(33,4,'Внутрифинансовый контроль'),(34,4,'Мониторинг'),(35,4,'Общественное обсуждение'),(36,5,'Искусственное дробление закупок'),(37,5,'Единственный поставщик'),(38,6,'Контрактный управляющий'),(39,6,'Комиссия'),(40,7,'Единые требования'),(41,7,'Дополнительные требования'),(42,7,'Требование РНП'),(43,8,'Сфера применения закона'),(44,8,'Заказчики'),(45,8,'Антидемпинговые меры'),(46,8,'ЕИС1'),(47,8,'Казначейское сопровождение контрактов'),(48,8,'Централизация'),(49,8,'Банковское сопровождение'),(50,8,'Обзоры практики Верховного суда'),(51,8,'Антикризисные меры'),(52,8,'Каталог ТРУ'),(53,9,'Отклонение в электронном аукционе'),(54,9,'Отклонение запрос котировок'),(55,9,'Отклонение конкурс'),(56,10,'ТЗ на лекарственные средства'),(57,10,'Фунционально несвязанные'),(58,10,'Характеристики товара'),(59,10,'ТЗ на строительные работы'),(60,11,'СМП и СОНО'),(61,11,'УИС'),(62,11,'Инвалиды'),(63,12,'Размещение контракта (реестр и отчёт)'),(64,12,'Исполнение контракта'),(65,12,'Изменение контракта'),(66,12,'Заключение контракта'),(67,12,'Неустойка'),(68,12,'Составление контракта'),(69,12,'Расторжение контракта'),(70,13,'Извещение общее'),(71,8,'Исчисление сроков'),(72,14,'Обеспечение по заявке'),(73,14,'Обеспечение по контракту'),(74,14,'Банковская гарантия'),(75,15,'НМЦК Лекарства'),(76,16,'Критерии оценки в конкурсе'),(77,17,'Правила размещения информации'),(78,19,'ЭА: заключение контракта'),(79,21,'Энергосервисный контракт'),(80,21,'Запрос котировок для ликвидации ЧС и гуманитарной помощи'),(81,21,'Инвестиционные контракты'),(82,21,'Строительные работы'),(83,21,'Контракт жизненного цикла'),(84,21,'Закрытые способы закупки'),(85,21,'Гособоронзаказ'),(86,21,'Медицина'),(87,21,'ЖКХ'),(88,29,'РНП'),(89,29,'Жалобы'),(90,38,'Обучение контрактного управляющего'),(91,40,'Требования по лицензированию'),(92,40,'Требования СРО при строительстве'),(93,40,'Лекарства и медицина'),(94,44,'Филиалы'),(95,48,'Совместные конкурсы и аукционы'),(96,53,'ЭА: Инструкция по заполнению'),(97,53,'ЭА: Содержание состав заявки'),(98,53,'ЭА: Установление требований'),(99,63,'Отчёт об исполнении'),(100,63,'Реестр контрактов'),(101,63,'Этапность'),(102,64,'Приёмка и экспертиза'),(103,64,'Цессия'),(104,66,'Цена контракта'),(105,68,'Типовой контракт'),(106,69,'Одностороннее расторжение'),(107,72,'Обеспечение по заявке Аукцион'),(108,87,'Операторы капремонта'),(109,13,'Документация'),(110,21,'Торги без объёма');
/*!40000 ALTER TABLE `category` ENABLE KEYS */;
UNLOCK TABLES;

--
-- Table structure for table `fas`
--

DROP TABLE IF EXISTS `fas`;
/*!40101 SET @saved_cs_client     = @@character_set_client */;
/*!40101 SET character_set_client = utf8 */;
CREATE TABLE `fas` (
  `id` int(11) NOT NULL AUTO_INCREMENT COMMENT 'Идентификатор фрагмента знаний',
  `date_id` date DEFAULT NULL COMMENT 'Дата добавления изменения',
  `case_number` varchar(255) DEFAULT NULL COMMENT 'Это номер дела, для связки нескольких судебных решений если есть обжалование',
  `type` varchar(255) DEFAULT NULL COMMENT 'Решение контрольного органа',
  `source` varchar(255) DEFAULT NULL COMMENT 'Кто выпустил документ',
  `doc_number` varchar(255) DEFAULT NULL COMMENT 'Точный номер документа для поиска',
  `doc_date` date DEFAULT NULL,
  `description` longtext COMMENT 'Краткое описание содеражания фрагмента знаний',
  PRIMARY KEY (`id`)
) ENGINE=MyISAM AUTO_INCREMENT=22 DEFAULT CHARSET=utf8 COMMENT='Таблица с решениями ФАС';
/*!40101 SET character_set_client = @saved_cs_client */;

--
-- Dumping data for table `fas`
--

LOCK TABLES `fas` WRITE;
/*!40000 ALTER TABLE `fas` DISABLE KEYS */;
INSERT INTO `fas` VALUES (2,'2016-10-20',NULL,'Решение','УФАС Омск','03-10.1/140-2015','2015-05-06','Если указано две страны происхождения то отклоняем заявку'),(3,'2016-10-20',NULL,'Решение','УФАС Омск','03-10.1/172-2015','2015-05-26','Если указано две страны происхождения то отклоняем заявку'),(4,'2017-01-30','А40-119613/2016','Решение','ФАС России','К–778/16','2016-05-18','Строительство под ключ'),(5,'2017-01-30',NULL,'Решение','УФАС Псков','44-161/16','2016-12-12','Поажаная сигнализация и охрана'),(6,'2017-01-30',NULL,'Решение','ФАС России','К–1810/16','2016-11-11','1. Функционально несвязанные. 2. Проект контракта: физ.лица, неустойка. 3. Дополнительные треования по 99. 4. Требование СРО. 5. Срок разъяснения. 6. ИНН без \"при наличии\".'),(7,'2017-03-21',NULL,'Решение','УФАС С-Петербург','44-756/17','2017-03-14','Использование ГОСТов в ТЗ'),(8,'2017-03-21','А40-180322/15','Решение','ФАС России','K-902/15','2015-07-27','Цена 0  в запросе котировок'),(9,'2017-04-04',NULL,'Решение','УФАС Москва','2-57-525/77-17','2017-01-19','п. 2 ст. 93. Заключать с единственным даже если есть РПРФ не обязательно'),(10,'2017-04-26','А56-27649/2016','Решение','УФАС С-Петербург','44-4235/15','2015-12-30','1. Если в составе конкурсной заявки копии документов можно не заверять отдельно.\r\n2. По ППРФ 99 предоставляются договора только с бюджетным учрежденем.'),(11,'2017-08-14','А40-207745/2015','Решение','ФАС России','К-926/15','2015-08-03','Обеспечение заявки и контракта должно быть в виде твёрдой суммы.'),(12,'2017-10-10',NULL,'Решение','ФАС России','КГОЗ-131/17','2017-05-22','В уставе участника может не быть вида экономической деятельности, который соответствует объекту закупки'),(13,'2017-10-11',NULL,'Решение','УФАС Новосибирск','08-01-279','2017-07-13','При госзакупке работ по созданию проектно-сметной документации надо требовать выписку из реестра СРО, либо её копию'),(14,'2017-10-11',NULL,'Решение','УФАС Пермь','012159','2017-08-08','Если НМЦК была выше 3 млн руб., а участник предложил меньшую цену, то он не обязан предоставлять выписку из реестра членов СРО'),(15,'2017-10-24',NULL,'Решение','ФАС России','К-965/17','2017-07-31','1. При указании тербований в строительстве не указывают виды работ по приказу 624.\r\n2. Если объём НМЦК попадает под 775 нужно предусматривать неустойку за непредоставление информации.'),(16,'2017-10-24',NULL,'Решение','УФАС Новосибирск','08-01-279','2017-07-13','1. Проектрые работы, а требование о выписке СРО не были установлены.\r\n2. В проекте контракта не включены обязательные условия из ст. 110.2'),(17,'2017-10-31',NULL,'Решение','ФАС России','КГОЗ-123/16','2016-07-07','ППРФ 1236. ПК с ПО нужно устанавливать национальный режим'),(18,'2017-10-31',NULL,'Решение','ФАС России','К–1330/16','2016-08-18','ППРФ 1236. Рентгенаппарат с ПО национальный режим не применяется'),(19,'2017-10-31',NULL,'Решение','УФАС Ямало-Ненецкого','04-01/220-2016','2016-07-11','ППРФ 1236. Система хранения данных, хоть и попадет по ЭВМ но встроенное ПО управления определяет и аппарантую часть, поэтому нац режим не применяется.'),(20,'2017-11-17',NULL,'Решение','УФАС Владимировская','Г 540-04/2014','2014-08-15',NULL),(21,'2017-11-17',NULL,'Решение','ФАС России','К–1340/17','2017-10-13',NULL);
/*!40000 ALTER TABLE `fas` ENABLE KEYS */;
UNLOCK TABLES;

--
-- Table structure for table `fas_cat`
--

DROP TABLE IF EXISTS `fas_cat`;
/*!40101 SET @saved_cs_client     = @@character_set_client */;
/*!40101 SET character_set_client = utf8 */;
CREATE TABLE `fas_cat` (
  `fas_id` int(11) DEFAULT NULL COMMENT 'Идентификатор решения ФАС',
  `category_id` int(11) DEFAULT NULL COMMENT 'Идентификатор раздела знаний',
  KEY `Разделы_знанийДСП_Решения_ФАС_раздел_знаний` (`category_id`),
  KEY `Решения_ФАСДСП_Решения_ФАС_раздел_знаний` (`fas_id`)
) ENGINE=MyISAM DEFAULT CHARSET=utf8 COMMENT='Разделы знаний для решений ФАС';
/*!40101 SET character_set_client = @saved_cs_client */;

--
-- Dumping data for table `fas_cat`
--

LOCK TABLES `fas_cat` WRITE;
/*!40000 ALTER TABLE `fas_cat` DISABLE KEYS */;
INSERT INTO `fas_cat` VALUES (2,53),(3,53),(4,57),(5,57),(6,57),(6,68),(6,41),(6,92),(6,59),(6,13),(7,10),(7,59),(8,20),(8,54),(9,37),(9,5),(10,41),(10,55),(11,14),(11,72),(11,73),(15,82),(15,92),(16,82),(16,92),(17,2),(18,2),(19,2);
/*!40000 ALTER TABLE `fas_cat` ENABLE KEYS */;
UNLOCK TABLES;

--
-- Table structure for table `judgement`
--

DROP TABLE IF EXISTS `judgement`;
/*!40101 SET @saved_cs_client     = @@character_set_client */;
/*!40101 SET character_set_client = utf8 */;
CREATE TABLE `judgement` (
  `id` int(11) NOT NULL AUTO_INCREMENT COMMENT 'Идентификатор фрагмента знаний',
  `date_id` date DEFAULT NULL COMMENT 'Номер документа',
  `case_number` varchar(255) DEFAULT NULL COMMENT 'Это номер дела, для связки нескольких судебных решений',
  `type` varchar(255) DEFAULT NULL COMMENT 'Судебное решение',
  `source` varchar(255) DEFAULT NULL COMMENT 'Кто выпустил документ',
  `doc_number` varchar(255) DEFAULT NULL COMMENT 'Точный номер документа для поиска',
  `doc_date` date DEFAULT NULL COMMENT 'Дата документа',
  `description` longtext COMMENT 'Краткое описание содеражания фрагмента знаний',
  PRIMARY KEY (`id`)
) ENGINE=MyISAM AUTO_INCREMENT=111 DEFAULT CHARSET=utf8 COMMENT='Таблица судебных решений';
/*!40101 SET character_set_client = @saved_cs_client */;

--
-- Dumping data for table `judgement`
--

LOCK TABLES `judgement` WRITE;
/*!40000 ALTER TABLE `judgement` DISABLE KEYS */;
INSERT INTO `judgement` VALUES (2,'2016-10-11','А56-91038/2015','Судебное решение','13 Арбитражный Аппеляционный суд','13АП-12573/16','2016-07-20','Отрицательная цена заявки в запросе котировок недопустима'),(3,'2016-10-11','А23-2972/2015','Судебное решение','АС Центрального округа','Ф10-633/16','2016-04-05','Договор цессии - запрещён'),(4,'2016-10-11','А82-7593/2015','Определение','Верховный Суд РФ','301-ЭС16-10225','2016-08-19','Отклонили устав за отсутсвие печати ГРН - это нарушение'),(5,'2016-10-11','А40-126679/2015','Постановление','АС Московского округа','Ф05-4376/2016','2016-05-13','Перечислить обеспечение по контракту может 3-е лицо если у него обязательство перед участником закупки'),(6,'2016-10-12','А40-180322/2015','Постановление','АС Московского округа','Ф05-10194/2016','2016-07-28','Невозможна нулевая цена контракта по запросу котировок'),(7,'2016-10-12','АКПИ16-53','Решение','Верховный Суд РФ','АКПИ16-53','2016-04-11','Неудавшиеся обжалование письма Минэко N 31047-ЕЕ/Д28и и ФАС N АЦ/50997/14 по поводу порядка расчёта критериев.'),(8,'2016-10-14','А40-125377/2015','Определение','Верховный Суд РФ','305-ЭС16-7657','2016-10-06','Неустйка начисляется только на неисполненные обязательства'),(9,'2016-10-14','А07-19042/2014','Постановление','18 Арбитражный Аппеляционный суд','18АП-2901/2015','2015-04-30','Предоставить обеспечение 2-мя платёжками можно'),(10,'2016-10-25','А46-3706/2014','Определение','Верховный Суд РФ','304-КГ15-1413','2015-03-23','Строительные работы технологически связанные товары можно даже если их нет в смете.'),(11,'2016-10-25','А56-80775/2015','Постановление','АС Северо-Западного округа','494/2016-34430(1)','2016-08-26','Установление нестоимостных критериев конкурса'),(12,'2016-11-11','А14-17746/2015','Постановление','АС Центрального округа','Ф10-3674/2016','2016-10-25','Отклонение по любому показателю прописанному в АД - правомерно'),(13,'2016-12-08','А45-23945/2014','Постановление','7 Арбитражный Аппеляционный суд','07АП-4761/2015','2015-06-29','Конфликт интересов: Заказчик учредитель участника'),(14,'2016-12-09','А60-4073/2015','Постановление','17 Арбитражный Аппеляционный суд','17АП-7582/2015-АК','2015-07-21','Акты ТПП РФ. Можно использовать Акты выданные производителям а не участникам закупок'),(15,'2016-12-09','А60-16982/2015','Постановление','17 Арбитражный Аппеляционный суд','17АП-12275/2015-АК','2015-10-14','Акты ТПП РФ. Можно использовать Акты выданные производителям а не участникам закупок'),(16,'2016-12-10','Обзор 30.08.2016','Обзор','АС Московского округа',NULL,'2016-08-30','Обзор практики АС Московского округа'),(17,'2017-01-30','А73-3430/2015','Постановление','АС Дальневосточного округа','Ф03-5698/2015','2015-05-18','Запрос предложений, выходные в течение срока подачи ограничили конкуренцию.'),(18,'2017-01-30','А51-2694/2015','Постановление','АС Приморского края',NULL,'0201-05-27','Аукцион, в выходные окончание подачи заявок - это правомерно'),(19,'2017-01-30','А65-9268/2015','Определение','Верховный Суд РФ','306-ЭС16-3759','2016-04-20','Искусственное дробление. При ничтожной сделке требования об оплате отклоняются'),(20,'2017-01-30','А19-19943/2015','Постановление','АС Восточно-Сибирского округа',NULL,'2016-11-01','Искусственное дробление.'),(21,'2017-01-30','А34-6943/2015','Постановление','АС Уральского округа','Ф09-8787/16','2016-08-26','Искусственное дробление. Двусторонняя реституция'),(22,'2017-01-30','А60-2851/2016','Постановление','АС Уральского округа','Ф09-10381/16','2016-12-14','Искусственное дробление. При ничтожной сделке требования об оплате отклоняются'),(23,'2017-01-30','А69-2168/2016','Постановление','3 Арбитражный Аппеляционный суд',NULL,'2016-11-07','Искусственное дробление. При ничтожной сделке требования об оплате отклоняются. Полное описание 167 ГК, злоупотребление правом.'),(24,'2017-01-30','А66-15075/2014','Определение','Верховный Суд РФ','307-КГ15-17127','2015-12-30','В документации пароль на PDF запрещающий печатать и копировать - провомочен'),(25,'2017-01-30','А34-11857/2016','Решение','АС Курганской области',NULL,'2016-11-25','Искусственное дробление.'),(26,'2017-01-30','А40-119613/2016','Решение','АС Москвы',NULL,'2016-09-06','Строительство под ключ.'),(28,'2017-01-30','А40-71267/2015','Определение','Верховный Суд РФ',NULL,'2016-11-21','Взыскание банковской гарантии. Для требовани банковской гарантии не нужно ни оригинал, ни документов об убытках'),(29,'2017-01-30','А40-120016/2015','Определение','Верховный Суд РФ',NULL,'2016-11-21','Взыскание банковской гарантии. Для требовани банковской гарантии не нужно ни оригинал, ни документов об убытках'),(30,'2017-01-30','А40-182187/2015','Постановление','АС Московского округа',NULL,'2016-08-15','Картельный сговор'),(31,'2017-01-30','А60-11273/2013','Решение','АС Свердловской области',NULL,'2013-05-28','Полномочия руководителя в обществах не заканчивается окончанием срока решения о назначении и даже срочным договором'),(32,'2017-03-21','А40-180322/15','Определение','Верховный Суд РФ','305-КГ16-15387','2017-02-09','Запрос котировок цена 0'),(33,'2017-03-22','А45-26419/2015','Определение','Верховный Суд РФ','304-ЭС16-14715','2017-01-26','При расчёте неустойки нужно умножать на 100 а не на 1'),(34,'2017-03-22','А65-19001/2016','Постановление','АС Поволжского округа','Ф06-19933/2017','2017-06-22','Договор мены автомобиля признан ничтожной сделкой. Трейдин.'),(35,'2017-03-22','А47-7974/2013','Постановление','АС Уральского округа','Ф09-3514/14','2014-06-18','Договор мены не попадает под контрактную систему. Договор мены автомобиля. Трейдин.'),(36,'2017-04-04','А38-2169/2016','Постановление','АС Волго-Вятского округа','Ф01-5888/16','2017-01-11','Скриншоты с сайтов можно использовать для обоснования НМЦК.'),(37,'2017-04-04','А33-28174/2015','Определение','Верховный Суд РФ','302-ЭС16-14360','2017-03-09','При неисполнении контракта можно взыскать и штраф и пеню.'),(38,'2017-04-11','А53-2995/2016','Определение','Верховный Суд РФ','308-ЭС16-17315','2017-03-23','В контрактах по теплоснобжению считать неустойку по № 307-ФЗ (1/130).'),(39,'2017-04-11','А16-2022/2015','Постановление','АС Дальневосточного округа','Ф03-6440/16','2017-01-30','Договор цессии возможен. Было переуступка прав требования оплаты по контракту, при полном его исполнении первоначальным подрядчиком.'),(40,'2017-04-26','А60-53893/2015','Постановление','АС Уральского округа','Ф09-1378/17','2017-04-03','Перечичление обеспечения заявки при отклонении 3-й раз за квартал не происходит, если заявки были поданы в один и тот же день, из-за отсутствия признака систематичности.'),(41,'2017-04-26','А56-27649/2016','Постановление','АС Северо-Западного округа','Ф07-1821/2017','2017-04-14','1. Если в составе конкурсной заявки копии документов можно не заверять отдельно.\r\n2. По ППРФ 99 предоставляются договора только с бюджетным учрежденем.'),(42,'2017-05-03','А26-10174/2015','Определение','Верховный Суд РФ','307-ЭС16-19959','0201-04-20','Договор цессии на право требования уплаты по контракту возможен.'),(43,'2017-05-19','А40-227679/2015','Определение','Верховный Суд РФ','305-ЭС16-20341','2017-05-02','Заказчки установил срок действия банковской гарантии 60 дннй. Суд подтвердил.'),(44,'2017-05-22','А33-376/2016','Определение','Верховный Суд РФ','302-ЭС16-16957','2017-04-25','С 1 мая для контрактов, заключаемых с СМП и СОНКО, указанный срок не должен превышать 15 рабочих дней с даты подписания заказчиком документа о приемке. Другие контракты следует оплачивать в срок не более 30 дней.'),(45,'2017-05-23','А62-5045/2016','Постановление','АС Центрального округа','Ф10-1168_2017','2017-04-03','Соглашение на поддержание цены на торгах - принцип системы \"Таран\"'),(46,'2017-05-23','А40-187835/2015','Постановление','9 Арбитражный Аппеляционный суд',NULL,'2016-05-30','Суд взыскал с первого\r\nпоставщика в пользу заказчика ущерб (как разницу в\r\nценах расторгнутого и исполненных контрактов), а сверх\r\nтого – неустойку в размере 0,47 млн руб.'),(47,'2017-05-23','А45-26813/2015','Решение','АС Новосибирской области',NULL,'2016-08-16','у аукционной комиссии отсутствовали основания по\r\nпризнанию заявок, содержащих предложения, рас-\r\nсчитанные с применением иных коэффициентов, нежели\r\nпредусмотренные законодательством об ОСАГО, не соот-\r\nветствующих требованиям аукционной документации,\r\nтак как такое основание не предусмотрено ч. 6 ст. 69\r\nЗакона № 44-ФЗ'),(48,'2017-05-23','А56-61483/2015','Постановление','АС Северо-Западного округа',NULL,'2016-08-16','наличие некоторых недостатков в выполненных работах\r\nне может являться безусловным основанием для отказа\r\nзаказчика от подписания актов и оплаты им выполненных\r\nработ в полном объеме, если заказчиком не доказано\r\nналичие таких недостатков, которые невозможно\r\nустранить, либо таких, которые исключают возможность\r\nиспользования результата работ'),(49,'2017-05-24','А15-2412/2016','Судебное решение','АС Республики Дагестан',NULL,'2016-11-22','Заказчиком выбран ошибочно п.9 ч.1 ст.93 контракт недействителен'),(50,'2017-05-24','А29-40/2016','Судебное решение','АС Республики Коми',NULL,'2017-02-09','Недопуск по 2м частям нет удостоверения о квалификации'),(51,'2017-05-24','А19-18615/2015','Судебное решение','АС Иркутской области',NULL,'2016-02-10','Отказ Почте России, что марки нельзя покупать через аукцион'),(52,'2017-05-24','А56-41327/2014','Судебное решение','АС Санкт-Петербурга и ЛО',NULL,'2015-09-04','Стр-во метро через конкурс с ограниченным участием признан обоснованным'),(53,'2017-05-24','А04-11676/2016','Судебное решение','АС Амурской области',NULL,'2017-02-15','В срок БГ входит гарантийный срок'),(54,'2017-05-24','А51-27176/2016','Судебное решение','АС Приморского края',NULL,'2017-02-08','в диапазон от 30 до 50 входит конкр.значение 50'),(55,'2017-05-24','А73-15553/2016','Судебное решение','АС Хабаровского края',NULL,'2017-02-06','Расторжение контракта существенные условия - нарушен срок'),(56,'2017-05-24','А40-26483/14','Постановление','9 Арбитражный Аппеляционный суд','09АП-38346/2014-ГК','2014-10-07','94-ФЗ Аналогия Гарантия продолжает действовать после отзыва лицензии у банка'),(57,'2017-05-24','А75-4902/2015','Постановление','8 Арбитражный Аппеляционный суд',NULL,'2015-10-09','Указывать в документации условие о замене недействительной БГ нельзя'),(58,'2017-05-25','А64-678/2015','Постановление','19 Арбитражный Аппеляционный суд',NULL,'2015-10-30','Искусственное дробление  - это предположение'),(59,'2017-05-25','КГ-А40/13601-06','Постановление','АС Московского округа',NULL,'2007-02-27','Принципы взаимосвязанной сделки'),(60,'2017-05-25','А74-3491/2008','Определение','ВАС РФ','ВАС-2440/10','2010-03-16','Главное это единая цель сделок'),(61,'2017-05-25','А24-3683/2011','Определение','ВАС РФ','ВАС-7711/12','2012-06-21','Неустойка а просрочку за пределами срока действия контракта'),(62,'2017-05-25','А13-13513/2015','Постановление','14 Арбитражный Аппеляционный суд',NULL,'2016-03-03','Освобождение от административной ответственности по малозначительности'),(63,'2017-05-25','7-21-772/2015','Решение','Приморский краевой суд',NULL,'2015-06-07','Освобождение от административной ответственности по малозначительности'),(64,'2017-05-25','А11-1788/2015','Постановление','АС Волго-вятского округа',NULL,'2016-01-27','в котировке можно требовать прошивки заявки'),(65,'2017-05-25','А42-20/2015','Постановление','АС Северо-западного округа',NULL,'2015-12-11','Диапазоны значений в заявке'),(66,'2017-05-25','А05-1534/2015','Постановление','АС Северо-Западного округа',NULL,'2015-10-16','Некорректные подтвержденные полномочия директора'),(67,'2017-05-25','А29-4378/2014','Постановление','АС Волго-Вятского округа',NULL,'2015-02-06','Отсутствие прямого указания на требования к участнику в декларации - отклонение'),(68,'2017-05-26','А32-37100/2015','Постановление','15 Арбитражный Аппеляционный суд','15АП-663/2016','2016-06-14','Отсутствие части текста Устава'),(69,'2017-05-26','А49-8378/2015','Постановление','АС Поволжского округа','Ф06-8360/2016','2016-05-16','Проблемы с открытием фйла определенной версии Word'),(70,'2017-05-26','А60-47314/2015','Постановление','17 Арбитражный Аппеляционный суд','17АП-5071/2016-ГК','2016-05-31','Участник не привел в сответствие документы реестра аккредитованных лиц'),(71,'2017-05-26','А40-104932/2011-158-612','Определение','ВАС РФ','ВАС-10449/12','2012-08-20','Существенные нарушения условия контракта поставки'),(72,'2017-05-26','А53-319/2009','Постановление','АС Северо-Кавказкого округа',NULL,'2010-03-02','Перечень существенных нарушений договора диспозитивный'),(73,'2017-05-26','А39-3167/2014','Постановление','АС Волго-вятского округа',NULL,'2015-07-09','Счета и счета-фактуры не явл.доказательством оказания услуг'),(74,'2017-05-26','А57-24941/2014','Постановление','АС Поволжского округа','Ф06-5153/2015','2016-02-16','ТНН без акта приема не является подтверждением поставки товара'),(75,'2017-05-26','А75-9644/2009','Постановление','АС Западно-Сибирского округа',NULL,'2010-03-05','Счет не явл.док-вом факта оказания услуг'),(76,'2017-05-29','Пленум 14.03.2014','Постановление','ВАС РФ','16','2014-03-14','О СВОБОДЕ ДОГОВОРА И ЕЕ ПРЕДЕЛАХ'),(77,'2017-05-29','А65-16826/2014','Определение','Верховный Суд РФ','306-КГ15-7929','2015-06-26','про УСН'),(78,'2017-05-29','А40-148903/15','Постановление','9 Арбитражный Аппеляционный суд','09АП-60686/2015','2016-02-15','установление в документации характеристик, которые  единственного производителя, невозможно признать необоснованным ограничением  участников закупки при наличии у заказчика потребностей'),(79,'2017-05-29','А75-4902/2015','Определение','Верховный Суд РФ','304-КГ16-2608','2016-04-18','Лицензия и СРО одновременно'),(80,'2017-05-29','N А45-1535/2009-47/39','Постановление','АС Западно-Сибирского округа','Ф04-4795/2009','2009-09-21','О банковском дне'),(81,'2017-05-29','А45-25649/2014','Постановление','АС Западно-Сибирского округа','Ф04-24168/2015','2015-10-01','Удержание неустойки их обеспечения'),(82,'2017-06-05','А65-16826/2014','Определение','Верховный Суд РФ','306-КГ15-7929','2015-06-26','НДС в контракте по результатом торгов с победителем на УСН исключается. Цена не меняется'),(83,'2017-07-11','А49-307/2016','Определение','Верховный Суд РФ','306-КГ17-552','2017-06-20','Если указано несколько мест происхождения товара, то отклонять нельзя, поскольку это не мешает провести соответствие техническим требованиям.'),(84,'2017-07-11','Обзор 28.06.2017','Обзор','Верховный Суд РФ',NULL,'2017-06-28','Обзор практики по госзаказу Президиум ВС от 28.06.2017'),(85,'2017-07-11','А31-1764/2016','Постановление','АС Волго-вятского округа',NULL,'2017-06-06','Требования по банковской гарантии не должна содержать какой то особенный расчёт суммы. Требования по Банковской гарантии не зависят от основного обязательства.'),(86,'2017-07-11','А47-5021/2016','Постановление','АС Уральского округа','Ф09-2054/17','2017-06-14','Односторонне расторжение по причине прекращения финансирования - недопустимо.'),(87,'2017-07-11','А40-23141/17-149-224','Решение','АС Москвы',NULL,'2017-06-08','Договор в котором имущество полностью создаётся на бюджетные деньги - не может быть договором о концессии.'),(88,'2017-08-14','А40-207745/2015','Определение','Верховный Суд РФ','305-КГ17-3351','2017-08-03','Указание размера обеспечения в виде твёрдой суммы - необязательно.'),(89,'2017-10-11','А40-182693/2016','Постановление','АС Московского округа','Ф05-9846/2017','2017-07-19','Можно не включать в проект госконтракта условие о вычете налогов из оплаты'),(90,'2017-10-11',NULL,'Постановление','Верховный Суд РФ','84-АД17-2','2017-02-13','Не включение в проект госконтракта условие о вычете налогов из оплаты - нарушение'),(91,'2017-10-11','А40-207745/2015','Определение','Верховный Суд РФ','305-КГ17-3351','2017-08-03','ВС РФ позволил указывать размер обеспечения заявок и госконтракта в процентах от НМЦК'),(92,'2017-10-11','А27-19494/2016','Постановление','АС Западно-Сибирского округа','Ф04-1849/2017','2017-07-11','Заказчик вправе определить остаточный срок годности лекарств в процентах'),(93,'2017-10-11','А60-50822/2016','Постановление','АС Уральского округа','Ф09-3971/17','2017-07-14','Заказчик имеет право требовать наличие сервисной службы в РФ'),(94,'2017-10-11','А38-9821/2016','Постановление','АС Волго-вятского округа','Ф01-3121/2017','2017-08-04','Заказчик вправе оспорить внеплановую проверку, проведенную не по тому основанию.'),(95,'2017-10-12','А76-18286/2016','Постановление','АС Уральского округа','Ф09-4884/17','2017-09-18','Датой подачи конкурсной заявки по 44-ФЗ нужно считать день внесения в нее последних изменений'),(96,'2017-10-12','А33-10842/2016','Определение','Верховный Суд РФ','302-КГ17-6955','2017-09-26','Поставляемый товар должен быть новым, если не указано иное.'),(97,'2017-10-12','А28-14041/2016','Постановление','АС Волго-вятского округа','Ф01-3474/2017','2017-09-06','Заказчики платят неустойку по контрактам на энергоснабжение в размере 1/130 ставки рефинансирования ЦБ РФ (по закону об электроэнергетике)'),(98,'2017-10-12','А78-15606/2016','Постановление','АС Восточно-Сибирского округа','Ф02-3094/2017','2017-07-12','Условие об ответственности страховщика в контракте на ОСАГО надо прописывать в соответствии с Федеральным законом от 25.04.2002 г. № 40-ФЗ'),(99,'2017-10-13','А23-3851/2015','Определение','Верховный Суд РФ','310-ЭС16-7341','2016-07-04','Договор цессии в части уступки права требования по муниципальному контракту противоречит нормам Гражданского кодекса Российской Федерации, Бюджетного кодекса Российской Федерации и является недействительной (ничтожной) сделкой'),(100,'2017-10-24','А33-10842/2016','Определение','Верховный Суд РФ','302-КГ17-6955','2017-09-26','Товар должен быть новым даже если это не указано в документации. Перчатки медицинские одноразовые.'),(101,'2017-10-24','А40-132329/2016','Постановление','АС Московского округа',NULL,'2017-06-29','При регистрации на ЭТП в решение об одобрение крупной сделки не надо писать что она будет по электронным аукционам.'),(102,'2017-10-24','А63-8621/2016','Постановление','АС Северо-Кавказкого округа',NULL,'2017-07-06','Если в ФАС подана жалоба в срок, например через организацию связи, несмотря на то что она пришла в ФАС не в срок, он обязан её рассмотреть.'),(103,'2017-10-24','А60-50822/2016','Постановление','АС Уральского округа','Ф09-3971/17','2017-07-14','Можно требовать наличие сервисной службы в РФ'),(104,'2017-10-30','А78-15607/2016','Постановление','АС Восточно-Сибирского округа',NULL,'2017-10-11','Ответственность по ОСАГО = 1% от страхового возмещения согласно спец закону.'),(105,'2017-10-30','А10-6685/2015','Постановление','АС Восточно-Сибирского округа',NULL,'2017-09-15','Если заявки поданы или рассмотрены одновременно, то перечисление обеспечения по заявке в случае отклоения третий раз за квартал не происходит.'),(106,'2017-10-30','Обзор 19.10.2016','Обзор','Верховный Суд РФ',NULL,'2016-10-19','1. Неустойка по спец.законам.\r\n2. Возврат суммы за право заключения контракта не производится.'),(107,'2017-11-01','А27-19494/2016','Постановление','АС Западно-Сибирского округа',NULL,'2017-07-11','Остаточный срок лекарств можно в процентах. Ссылаются на то что в приказе Минздрава за 2000 год и в письме за 2006 год указан остаточный срок в процентах.'),(108,'2017-11-17','АКПИ16-1287','Решение','Верховный Суд РФ','АКПИ16-1287','2017-02-09','Нудачное обжалование письма ФАС РФ по поводу инструкции по заполнению заявки.'),(109,'2017-11-27','А08-1545/2016','Определение','Верховный Суд РФ','310-КГ17-1939','2017-06-21','Инсулины можно закупать по торговым наименованиям.'),(110,'2018-02-02','А23-840/2016','Определение','Верховный Суд РФ','310-КГ17-14344','2018-01-12','Работы по дезинфектологии (дезинфекция, дезинсекция и дератизация) подлежат лицензированию даже если они выполняются НЕ при оказании медицинской помощи.');
/*!40000 ALTER TABLE `judgement` ENABLE KEYS */;
UNLOCK TABLES;

--
-- Table structure for table `judgement_cat`
--

DROP TABLE IF EXISTS `judgement_cat`;
/*!40101 SET @saved_cs_client     = @@character_set_client */;
/*!40101 SET character_set_client = utf8 */;
CREATE TABLE `judgement_cat` (
  `judgement_id` int(11) DEFAULT NULL COMMENT 'Индетификатор судебного решения',
  `category_id` int(11) DEFAULT NULL COMMENT 'Раздел знаний',
  KEY `Разделы_знанийДСП_Судебные_решения_раздел_знаний` (`category_id`),
  KEY `Судебные_решенияДСП_Судебные_решения_раздел_знаний` (`judgement_id`)
) ENGINE=MyISAM DEFAULT CHARSET=utf8 COMMENT='Таблица разделов знаний для судебный решений';
/*!40101 SET character_set_client = @saved_cs_client */;

--
-- Dumping data for table `judgement_cat`
--

LOCK TABLES `judgement_cat` WRITE;
/*!40000 ALTER TABLE `judgement_cat` DISABLE KEYS */;
INSERT INTO `judgement_cat` VALUES (2,104),(3,103),(4,97),(5,73),(6,104),(7,76),(8,67),(9,73),(10,57),(11,76),(12,98),(13,40),(14,2),(15,2),(16,50),(16,15),(17,71),(18,71),(19,36),(20,36),(21,36),(22,36),(23,36),(24,77),(25,36),(26,57),(28,74),(29,74),(30,29),(31,97),(32,20),(32,54),(33,67),(34,43),(35,43),(36,15),(38,67),(39,103),(40,107),(41,55),(41,41),(42,103),(42,43),(43,74),(82,104),(83,9),(83,2),(84,50),(85,74),(86,106),(87,43),(88,14),(88,72),(88,73),(97,67),(98,67),(99,103),(100,9),(101,17),(101,19),(102,89),(102,71),(103,10),(104,67),(105,72),(106,67),(106,66),(107,56),(107,86),(108,96),(109,56),(109,NULL),(110,91);
/*!40000 ALTER TABLE `judgement_cat` ENABLE KEYS */;
UNLOCK TABLES;

--
-- Table structure for table `letter`
--

DROP TABLE IF EXISTS `letter`;
/*!40101 SET @saved_cs_client     = @@character_set_client */;
/*!40101 SET character_set_client = utf8 */;
CREATE TABLE `letter` (
  `id` int(11) NOT NULL AUTO_INCREMENT COMMENT 'Идентификатор фрагмента знаний',
  `date_id` date DEFAULT NULL COMMENT 'Дата добавления/обновления',
  `law_article` varchar(255) DEFAULT NULL COMMENT 'Статья к которому относится информация',
  `type` varchar(255) DEFAULT 'Письмо' COMMENT 'Письмо или Новость',
  `source` varchar(255) DEFAULT NULL COMMENT 'Кто выпустил документ',
  `doc_number` varchar(255) DEFAULT NULL COMMENT 'Точный номер документа для поиска',
  `doc_date` date DEFAULT NULL COMMENT 'Дата документа',
  `title` longtext COMMENT 'Наименоваие документа (если есть)',
  `description` longtext COMMENT 'Краткое описание содеражания фрагмента знаний',
  PRIMARY KEY (`id`)
) ENGINE=MyISAM AUTO_INCREMENT=749 DEFAULT CHARSET=utf8 COMMENT='Таблица с письмами разъяснений';
/*!40101 SET character_set_client = @saved_cs_client */;

--
-- Dumping data for table `letter`
--

LOCK TABLES `letter` WRITE;
/*!40000 ALTER TABLE `letter` DISABLE KEYS */;
INSERT INTO `letter` VALUES (2,'2016-09-22',NULL,'Письмо','Минэко, Минздрав','5594-ЕЕ/Д28и, АК-553/','2015-03-12','Методические рекмоендации по дополнительному профессиональному образованию в сфере контрактной системы.','Медоические рекомендации к обучению в сфере контрактной системы'),(3,'2016-09-23',NULL,'Письмо','ФНС','ЕД-4-2/13005@','2015-07-24','О рассмотрении обращения','Пояснения о том что налоговая не обязана раскрывать информацию о задолжности участника по налогам, поскольку это налоговая тайна'),(4,'2016-10-07','14','Письмо','ФАС','АЦ/26282/15','2015-05-28','О рассмотрении обращения о применении Постановления Правительства Российской Федерации N 102 \"Об установлении ограничения допуска отдельных видов медицинских изделий, происходящих из иностранных государств, для целей осуществления закупок для обеспечения государственных и муниципальных нужд','Как применять 102 постановление'),(5,'2016-10-10','38','Разъяснение','Консультант Плюс','б/н','2016-07-04','Профстандарты. Новые правила применения с 1 июля 2016 года','Профстандарты. Разъяснение что это и как это применять.'),(6,'2016-10-10','1','Письмо','Минэко','Д28и-2180','2016-08-19','О применении законодательства в сфере закупок в случае определения судом судебно-экспертного учреждения, эксперта для проведения экспертизы.','Судебный эксперт закупается вне 44-ФЗ'),(8,'2016-10-10',NULL,'Письмо','ФАС','ИА/11604/14','2014-03-28','По вопросам рассмотрения обращений о включении в реестр недобросовестных поставщиков сведений о недобросовестных поставщиках (подрядчиках, исполнителях), контракты с которыми расторгнуты в случае одностороннего отказа заказчика от исполнения контракта в связи с существенным нарушением ими условий контрактов','Особенности предоставления информации в РНП и рассмотрения решения в включении'),(9,'2016-10-10',NULL,'Письмо','Минэко','Д28и-2041','2016-08-15','О рассмотрении обращения','РНП: нашли нестыковки, говорят 2-го не включайте в РНП, и если вы со 2-ым не заключили контракт, победителя тоже не включайте в РНП'),(10,'2016-10-10',NULL,'Письмо','ФАС','РП/65863/16','2016-09-23','О взаимозаменяемости лекарственных препаратов с МНН \"Натрия хлорид\"','Особенности ТЗ для Натрия хлорида'),(11,'2016-10-11',NULL,'Письмо','Минэко','Д28и-2130','2016-08-18','О рассмотрении обращения','СМП и СОНО: Несостоявшиеся аукционы не входят в отчётный объём'),(12,'2016-10-11',NULL,'Письмо','Минэко','Д28и-2196','2016-08-19','О формировании в реестре контрактов информации об исполнении контракта.','Информация о судебно-претензионной работе не включается в реестр'),(13,'2016-10-11','31','Письмо','Верховный суд','б/н','2016-09-28','Обзор судебной практики по делам, связанным с разрешением споров о применении пункта 9 части 1 статьи 31 федерального закона от 5 апреля 2013 года N 44-ФЗ','Конфликт интересов обозор судебной практики'),(14,'2016-10-11',NULL,'Письмо','Минэко','Д28и-1554','2015-11-30','О необходимости применения постановления Правительства Российской Федерации от 30 ноября 2015 года N 1289','Не связаны: приобретение лекарственных препаратов и оказание услуг по организации обеспечения отдельных категорий граждан лекарственными препаратами'),(15,'2016-10-11','42','Письмо','Минэко','Д28и-1214','2016-05-04','Об указании в извещении о закупке места оказания услуг','Конкретное место оказание услуг можно указать в виде границ округа или километрах'),(16,'2016-10-11',NULL,'Письмо','Минэко','Д28и-2012','2016-08-10','Об обеспечении заявок на участие в электронных аукционах','Обеспечения заявки по аукциону за участника перечислить нельзя'),(17,'2016-10-11','33','Письмо','Минэко','Д28и-2118','2016-08-17','О разъяснениях, связанных с применением Федерального закона от 5 апреля 2013 г. N 44-ФЗ','Если заказчик сужает значения показателей в пределах, установленных соответствующими ГОСТами, то должно содержаться обоснование необходимости использования таких показателей.'),(18,'2016-10-11',NULL,'Письмо','Минэко','Д28и-2030','2016-08-11','О разъяснении положений Федерального закона от 5 апреля 2013 г. N 44-ФЗ \"О контрактной системе в сфере закупок товаров, работ, услуг для обеспечения государственных и муниципальных нужд','Персональные данные: ФАС имеет право их запрашивать поскольку является оператором их обработки, но не разглашать.'),(19,'2016-10-11','22','Письмо','Минэко','Д28и-2026','2016-08-09','О разъяснении положений Федерального закона от 5 апреля 2013 г. N 44-ФЗ \"О контрактной системе в сфере закупок товаров, работ, услуг для обеспечения государственных и муниципальных нужд','НМЦК ЖНВЛП: может превышеть предельную отпускную цену но на величину указанную в перечне субъекта. Выше 10 млн. руб. можно применять нормативный метод.'),(20,'2016-10-11','32','Письмо','Минэко','N Д28и-1706','2016-06-22','О применении положений Федерального закона от 5 апреля 2013 г. N 44-ФЗ','Критерии оценки: можно установить критерий опыт выполнения в качестве генподрядчика аналогичных работ.'),(21,'2016-10-11','66','Письмо','Минэко','Д28и-1710','2016-06-22','О разъяснениях, связанных с применением Федерального закона от 5 апреля 2013 г. N 44-ФЗ','вправе требовать  сертификатов, деклараций только, если в товар подлежит обязательной сертификации, декларированию'),(23,'2016-10-11','31','Письмо','Минэко','Д28и-1708','2016-06-22','О разъяснении положений Федерального закона от 5 апреля 2013 г. N 44-ФЗ','РНП, попал в течение аукциона, отклонять заявку'),(24,'2016-10-11','95','Письмо','Минэко','Д28и-2081','2016-08-05','О разъяснениях, связанных с применением Федерального закона от 5 апреля 2013 г. N 44-ФЗ','Улучшенные характеристики, критерии можно прописать в контракта'),(25,'2016-10-11',NULL,'Письмо','Минэко','Д28и-1719','2016-06-23','О разъяснении положений Федерального закона от 5 апреля 2013 г. N 44-ФЗ','Оклонять в запросе котировок можно за почтовый адрес, ИНН.'),(26,'2016-10-11','33','Письмо','Минэко','Д28и-2011','2016-08-01','О рассмотрении обращения','ТЗ: Ссылать на ГОСТ и не раскрывать его показатели момжно, в ТУ нельзя'),(27,'2016-10-11','95','Письмо','Минэко','Д28и-1697','2016-06-22','О разъяснениях, связанных с применением Федерального закона от 5 апреля 2013 г. N 44-ФЗ','При реорганизации заказчика согласие поставщика не требуется'),(28,'2016-10-11','93','Письмо','Минэко','Д28и-1805','2016-07-14','О разъяснениях, связанных с применением Федерального закона от 5 апреля 2013 г. N 44-ФЗ','по п.4 ч.1 ст.93 можно закупать хоть сколько раз, хоть на один и тот же товар'),(29,'2016-10-11',NULL,'Письмо','Минэко','ОГ-Д28-7694','2016-06-08','О разъяснениях, связанных с применением Федерального закона от 5 апреля 2013 г. N 44-ФЗ','Цена контракта равнятся 0 не может'),(30,'2016-10-11','15','Письмо','Минэко','Д28и-2154','2016-08-19','О закупках ГУП, не являющимися получателями субсидий','ГУПы по 44-ФЗ даже если у них нет субсидий.'),(31,'2016-10-11','22','Письмо','Минэко','N Д28и-1512','2016-06-15','О разъяснении положений Федерального закона от 5 апреля 2013 г. N 44-ФЗ \"О контрактной системе в сфере закупок товаров, работ, услуг для обеспечения государственных и муниципальных нужд','НМЦК ЖНВЛП: может превышеть предельную отпускную цену но на величину указанную в перечне субъекта. Всегда применять нормативный метод.'),(32,'2016-10-11','5','Письмо','Минэко','Д28и-1521','2016-06-17','О разъяснениях, связанных с применением Федерального закона от 5 апреля 2013 г. N 44-ФЗ','Документацию в скане размещать нельзя'),(33,'2016-10-11','33','Письмо','Минэко','ОГ-Д28-4438','2016-04-11','О разъяснениях, связанных с применением Федерального закона от 5 апреля 2013 г. N 44-ФЗ','Заказчик не обязан предусматривать в документации предварительный осмотр места выполнения работ'),(34,'2016-10-11','30','Письмо','Минэко','ОГ-Д28-6392','2016-05-10','О разъяснениях, связанных с применением Федерального закона от 5 апреля 2013 г. N 44-ФЗ','СМП и СОНО в объём не включаются расторгнутые контракты. п. 4 ч.1 ст.93 исключается из объёма для расчёта'),(35,'2016-10-11','34','Письмо','Минэко','Д28и-1680','2016-06-22','О разъяснениях, связанных с применением Федерального закона от 5 апреля 2013 г. N 44-ФЗ','Расчёт пени от этапа нельзя'),(36,'2016-10-11','94','Письмо','Минэко','ОГ-Д28-6773','2016-05-18','О разъяснениях, связанных с применением Федерального закона от 5 апреля 2013 г. N 44-ФЗ','Экспертиза своими силами может проводиться приёмочной комиссией, может оформлятся в виде документа о приёмке, и проводится любым должностным лицом заказчика'),(37,'2016-10-11','93','Письмо','Минэко','Д28и-1861','2016-07-25','О разъяснениях, связанных с применением Федерального закона от 5 апреля 2013 г. N 44-ФЗ','Договор на технологическое присоединение к электрическим сетям можно по п.1 ч.1 ст.93'),(38,'2016-10-11',NULL,'Письмо','Минэко','ОГ-Д28-6919','2016-05-20','О разъяснениях, связанных с применением Федерального закона от 5 апреля 2013 г. N 44-ФЗ','СГОЗ для СМП и СОНО и для п.5 ч.1 ст 93, считаются по фактическим заключённым контрактам'),(39,'2016-10-11',NULL,'Письмо','Минэко','Д28и-1818','2016-07-14','О разъяснениях, связанных с применением Федерального закона от 5 апреля 2013 г. N 44-ФЗ','Договор электроснабжения только на год, и пролонгация его запрещена'),(40,'2016-10-11',NULL,'Письмо','Минэко','Д28и-1329','2016-05-17','О разъяснениях, связанных с применением Федерального закона от 5 апреля 2013 г. N 44-ФЗ','Требовать в запросе котировок ИНН и почтовый адрес нельзя'),(41,'2016-10-11',NULL,'Письмо','Минэко','ОГ-Д28-4271','2016-04-04','О разъяснениях, связанных с применением Федерального закона от 5 апреля 2013 г. N 44-ФЗ','10% для запроса котировок рассчитываются по фактически оплаченным контрактам'),(42,'2016-10-11','30','Письмо','Минэко','ОГ-Д28-628','2016-05-06','О разъяснениях, связанных с применением Федерального закона от 5 апреля 2013 г. N 44-ФЗ','Если всё рассписано у единственного то у СМП и СОНО закупать ничего не надо, но отчёт формируйте.'),(43,'2016-10-11',NULL,'Письмо','Минэко','Д28и-623','2016-03-10','О разъяснениях, связанных с применением Федерального закона от 5 апреля 2013 г. N 44-ФЗ','ИКЗ соответствует лоту, если п.4 ч.1 ст.93 ИКЗ в том числе в контракте с пустой 30-33 (ОКПД2)'),(44,'2016-10-11',NULL,'Письмо','Минэко','Д28и-2141','2015-07-29','О разъяснениях, связанных с применением Федерального закона от 5 апреля 2013 г. N 44-ФЗ','Если есть финансирование на 3 года заключайте контракт на 3 года. Коммуналка не пролонгируется'),(45,'2016-10-11','70','Письмо','Минэко','Д28и-517','2016-02-29','О разъяснениях, связанных с применением Федерального закона от 5 апреля 2013 г. N 44-ФЗ','ЭА: Признать уклонившимся можно только через 13 жней'),(46,'2016-10-11',NULL,'Письмо','Минэко','Д28и-1560','2016-06-14','О разъяснениях, связанных с применением Федерального закона от 5 апреля 2013 г. N 44-ФЗ','Вправе требовать копию регистрационного удостоверения на медицинские изделия'),(47,'2016-10-11',NULL,'Письмо','Минфин','02-02-08/12916','2015-03-11','О разъяснениях, связанных с применением Федерального закона от 5 апреля 2013 г. N 44-ФЗ','Цессия по госконтрактам запрещена'),(48,'2016-10-11',NULL,'Письмо','Минэко','Д28и-1439','2016-05-23','О разъяснениях, связанных с применением Федерального закона от 5 апреля 2013 г. N 44-ФЗ','Договор электроснабжения -цена контракта твёрдая и тариф'),(49,'2016-10-11',NULL,'Письмо','Минэко','Д28и-1399','2016-05-30','О разъяснениях, связанных с применением Федерального закона от 5 апреля 2013 г. N 44-ФЗ','Компенсация коммуналки делается по п.23 ч.1 ст 93.'),(50,'2016-10-11',NULL,'Письмо','Минэко','Д28и-271','2016-01-29','О разъяснениях, связанных с применением Федерального закона от 5 апреля 2013 г. N 44-ФЗ','При закупке интернета нельзя требовать конкретные IP адреса'),(51,'2016-10-11',NULL,'Письмо','Минэко','Д28и-1644','2015-06-22','О разъяснениях, связанных с применением Федерального закона от 5 апреля 2013 г. N 44-ФЗ','Запрос котировок: заявка не по форме - отклоняем'),(52,'2016-10-11','34','Письмо','Минэко','Д28и-706','2016-03-18','О разъяснениях, связанных с применением Федерального закона от 5 апреля 2013 г. N 44-ФЗ','Штраф начисляется один раз, кроме случаев пени.'),(53,'2016-10-11',NULL,'Письмо','Минэко','Д28и-3663','2015-12-14','О разъяснениях, связанных с применением Федерального закона от 5 апреля 2013 г. N 44-ФЗ','Лизинг попадает по 44-ФЗ'),(54,'2016-10-11','33','Письмо','ФАС','АЦ/14427/16','2016-03-09','О рассмотрении обращения','На строительные работы должна быть проектно-сметная документация и в полном объёме'),(55,'2016-10-11','22','Письмо','Минэко','Д28и-693','2016-03-18','О разъяснениях, связанных с применением Федерального закона от 5 апреля 2013 г. N 44-ФЗ','НМЦК ЖНВЛП: расчёт только методом рыночных цен'),(56,'2016-10-11',NULL,'Письмо','Минэко','Д28и-1063','2016-04-26','О разъяснениях, связанных с применением Федерального закона от 5 апреля 2013 г. N 44-ФЗ','Членами комисси могут быть и внутренние эксперты'),(57,'2016-10-11','37','Письмо','Минэко','Д28и-820','2016-03-25','О разъяснениях, связанных с применением Федерального закона от 5 апреля 2013 г. N 44-ФЗ','Антидемпинговые меры не применяются при торгах по единичным расценкам'),(58,'2016-10-11','78','Письмо','Минэко','Д28и-859','2016-04-08','О разъяснениях, связанных с применением Федерального закона от 5 апреля 2013 г. N 44-ФЗ','Выписку ЕГРЮЛ в запросе котировок можно предоставить и в электронной форме подписанной ЭЦП'),(59,'2016-10-11','38','Письмо','Минэко','ОГ-Д28-2128','2015-02-18','О разъяснениях, связанных с применением Федерального закона от 5 апреля 2013 г. N 44-ФЗ','Контрактный управляющий: как хотите так и называйте'),(60,'2016-10-11','66','Письмо','Минэко','Д28и-1741','2015-06-19','О разъяснениях, связанных с применением Федерального закона от 5 апреля 2013 г. N 44-ФЗ','ЭА: ИНН во второй части заявки нет, то должно быть указание что он отсутствует.'),(61,'2016-10-11','34','Письмо','Минфин','02-02-15/24252','2016-04-22','О рассмотрении обращения','Немного пояснили где искать существенные условия контракта. Контракт можно менять только по 95 статье'),(62,'2016-10-11','22','Письмо','Минэко','Д28и-1762','2015-06-11','О разъяснениях, связанных с применением Федерального закона от 5 апреля 2013 г. N 44-ФЗ','Тарифные метод при наличии НПА субъекта можно применять если только объект закупки в федеральном перечне'),(63,'2016-10-11','67','Письмо','Минэко','Д28и-124','2016-01-25','О разъяснениях, связанных с применением Федерального закона от 5 апреля 2013 г. N 44-ФЗ','Протокол первых частей можно опубликовать раньше срока'),(64,'2016-10-11','96','Письмо','Минэко','Д28и-3722','2015-12-18','О разъяснениях, связанных с применением Федерального закона от 5 апреля 2013 г. N 44-ФЗ','Обеспечение по контракту нужно, тогда когда исполнено основное обязательство по нему, в срок учитывающий основное обязательство по контракту'),(65,'2016-10-11','93','Письмо','Минэко','Д28и-3349','2015-11-16','О разъяснениях, связанных с применением Федерального закона от 5 апреля 2013 г. N 44-ФЗ','ограничение п.4 ч.1 ст.93 считается по заключённым контрактам, при этом учитывается информация о расторгнутых и частично исполненных контрактах'),(66,'2016-10-11','104','Письмо','Минэко','Д28и-3717','2015-12-17','О разъяснениях, связанных с применением Федерального закона от 5 апреля 2013 г. N 44-ФЗ','1. В РНП не включаюся одностороннее расторжение если контракт по п.4-5 ч.1 ст.93. 2. Если указан в почтовом адресе только город заявка не отклоняется'),(67,'2016-10-11','83','Письмо','Минэко','Д28и-3819','2015-12-18','О разъяснениях, связанных с применением Федерального закона от 5 апреля 2013 г. N 44-ФЗ','Вопросы проведения запроса предложений. Если одна заявка на запрос котировок, то заключаемый контракт учитывается в 10% от ограничения.'),(68,'2016-10-11','95','Письмо','Минэко','Д28и-3532','2015-11-27','О разъяснениях, связанных с применением Федерального закона от 5 апреля 2013 г. N 44-ФЗ','Одновременно увеличить и уменьшить количество контракта можно'),(69,'2016-10-11','83','Письмо','Минэко',' Д28и-3388','2015-11-23','О разъяснениях, связанных с применением Федерального закона от 5 апреля 2013 г. N 44-ФЗ','Если только одна заявка осталась после рассмотрения заключаем договор с единственным'),(70,'2016-10-11','34','Письмо','Минэко','Д28и-3315','2015-11-05','О разъяснениях, связанных с применением Федерального закона от 5 апреля 2013 г. N 44-ФЗ','При заключении контракта применятеся понижающий коэффициент'),(71,'2016-10-11','99','Письмо','ФАС','АЦ/75921/15','2015-12-28','О разъяснениях, связанных с применением Федерального закона от 5 апреля 2013 г. N 44-ФЗ','1. За нарушения порядка размещения как в реестре контрактов так и в отчёте штраф. 2. СМП и СОНО размещать хотя бы одну закупку. 3. УФАС могут проверять и субъектов тоже.'),(72,'2016-10-11','31','Письмо','Минэко','Д28и-3620','2015-12-11','О разъяснениях, связанных с применением Федерального закона от 5 апреля 2013 г. N 44-ФЗ','Нельзя потребоваить исполнение работ лично без субподряда'),(73,'2016-10-11','78','Письмо','Минэко','ОГ-Д28-15203','2015-12-07','О разъяснениях, связанных с применением Федерального закона от 5 апреля 2013 г. N 44-ФЗ','В Запросе котировок разъяснения документации нет, есть только разъяснение результатов запроса котировок'),(74,'2016-10-11',NULL,'Письмо','Минэко','Д28и-3854','2015-12-30','О разъяснениях, связанных с применением Федерального закона от 5 апреля 2013 г. N 44-ФЗ','В закупка могут учавствовать несколько ЮЛ несмотря на одного и того же учредителя'),(75,'2016-10-11','95','Письмо','Минэко','ОГ-Д28-12811','2015-10-02','О разъяснениях, связанных с применением Федерального закона от 5 апреля 2013 г. N 44-ФЗ','Изменение контракта по запросу котировок на 10 % невозможно.'),(76,'2016-10-11','34','Письмо','Минэко','ОГ-Д28-13071','2015-10-09','О разъяснениях, связанных с применением Федерального закона от 5 апреля 2013 г. N 44-ФЗ','Цена контракта равнятся 0 не может'),(77,'2016-10-12',NULL,'Письмо','Минэко','Д28и-2162','2016-08-19','О составлении и размещении в ЕИС отчета об исполнении отдельного этапа контракта и оформлении результатов экспертизы, проведенной силами заказчика','1. Этап это когда одновременно приёмка и оплата. 2. Экспртиза своими силами оформляется документом о приёмке'),(78,'2016-10-12','95','Письмо','Казначейство','05-07-05/11','2015-03-10','О размещении информации об изменении или о расторжении контракта в единой информационной системе','Внесение информации об изменении контракта согласно ч.26 ст.95 должно быть в течение 1 раб. Дня в реестре контрактов.'),(79,'2016-10-12','34','Письмо','ФАС','АД/28082/14','2014-07-14','О правомерности заключения долгосрочных контрактов финансовой аренды (лизинга)','Правила заключения долгосрочных контрактов. Договора лизинга это 44-ФЗ.'),(80,'2016-10-12','105','Письмо','ФАС','ИА/76070/15','2015-12-29','По вопросам исчисления сроков обжалования действия (бездействия) заказчика, уполномоченного органа, уполномоченного учреждения, специализированной организации, комиссии по осуществлению закупок, ее членов, должностного лица контрактной службы, контрактного управляющего, оператора электронной площадки','Как правильно принимать жалобы'),(81,'2016-10-12','32','Письмо','Минэко, ФАС','31047-ЕЕ/Д28и, АЦ/50997/14','2014-12-11','О позиции минэкономразвития россии и фас россии по вопросу применения норм федерального закона от 5 апреля 2013 г. N 44-фз \"о контрактной системе в сфере закупок товаров, работ, услуг для обеспечения государственных и муниципальных нужд\" в отношении установления порядка рассмотрения и оценки заявок, окончательных предложений участников закупки по нестоимостным критериям','Как правильно устанавливать критерии оценки заявки'),(82,'2016-10-14','34','Письмо','Минэко','Д28и-2252','2016-09-02','Об использовании факсимильного воспроизведения подписи при заключении договоров (контрактов) в сфере закупок','Подписать контракт можно и факсимилье если об этом есть соглашение'),(83,'2016-10-14','95','Письмо','Минэко','ОГ-Д28-9345','2016-08-05','О действиях заказчика в случае изменения названия улицы места оказания услуг.','Если поменялась улица по которой оказываются услуги расторгай контракт.'),(84,'2016-10-14','34','Письмо','Минэко','ОГ-Д28-9219','2016-07-29','Об указании заказчиком в извещении, документации о закупке и проекте контракта источника финансирования закупки.','Источник финансирования указвать в контракте и извещении обязательно'),(86,'2016-10-16','95','Письмо','Минэко','ОГ-Д28-9402','2016-07-22','О заключении дополнительного соглашения к госконтракту','Допсоглашение по контракту по результатам аукциона считается заключённым только после публикации в реестре контрактов'),(87,'2016-10-20',NULL,'Письмо','Минэко','Д28и-2627','2016-10-10','О разъяснениях, связанных с применением Федерального закона от 5 апреля 2013 г. N 44-ФЗ','1. Правил формирования лота нет, но ч. 3 ст.17 135-ФЗ несвязанные. 2. Несколько лекартсв смотри предльное НМЦК. 3. Нац режим лекарства, если постановление не работает за непредостваление СТ-1 не отклоняем.'),(88,'2016-10-20','66','Письмо','Минэко','Д28и-899','2016-04-06','Об указании страны происхождения товара в первой части заявки на участие в электронном аукционе; о разъяснении положений законодательства о закупках.','1. Если несколько стран происхождения товара, не отклоняем. 2. Почему разьяснения только рекомендации.'),(89,'2016-10-20','95','Письмо','Минэко','Д28и-886','2016-03-28','О возможности одностороннего расторжения заказчиком контрактов, информация о которых не включается в реестр контрактов.','Одностороннее расторжение по п.п. 4, 5, 23, 42, 44 и 45, 46  пока невозможно.'),(90,'2016-10-24','95','Письмо','Минэко','Д28и-2631','2016-10-10','О применении положений Федерального закона от 5 апреля 2013 г. N 44-ФЗ','Изменение работ можно по нескольким позициям сметы, лишь бы сумма итоговых изменений не превысила 10% от Цены контракта.'),(91,'2016-10-24',NULL,'Письмо','Минэко','Д28и-2636','2016-10-10','О разъяснениях, связанных с применением Федерального закона от 5 апреля 2013 г. N 44-ФЗ','Оплатить по контракту можно только тому поставщику, который указан в контракте.'),(92,'2016-10-24','80','Письмо','Минэко','Д28и-2632','2016-10-11','О разъяснениях, связанных с применением Федерального закона от 5 апреля 2013 г. N 44-ФЗ','Если в перечне поставщиков остался один поставщик нужно проводить предварительный отбор заново'),(93,'2016-10-24','34','Письмо','Минэко','Д28и-2625','2016-09-27','О разъяснениях, связанных с применением Федерального закона от 5 апреля 2013 г. N 44-ФЗ','При просрочки заказчиком он тоже должен уплатить пени и штрафы предьявленные ему поставщиком'),(94,'2016-10-24','31','Письмо','Минэко','Д28и-2635','2016-09-28','О применении положений Федерального закона от 5 апреля 2013 г. N 44-ФЗ','1. На стоительные работы требуйте генподрядную лицензию, либо все включающие. 2. Диапазонные показатели заполнять либо конкретный либо диапазон. 3. Строительные работы - проектная документация обязательно должна быть включена в состав документации. 4. Включение в один лот нескольких адресов исполнения можно но может привести к ограничению конкуренции. 5. Содержание ТЗ не регулируется но заявка должна ей соответствовать.'),(95,'2016-10-24','31','Письмо','Минэко','Д28и-2626','2016-09-30','О разъяснениях, связанных с применением постановления Правительства Российской Федерации от 4 февраля 2015 г. N 99','Что такое сопоставимого характера. Для подтверждения дополнительных требований на стройку по ППРФ 99 нужно исполненный контракт по строительству любого капитального объекта.'),(96,'2016-10-24','66','Письмо','Минэко','Д28и-2628','2016-09-30','О разъяснениях, связанных с применением Федерального закона от 5 апреля 2013 г. N 44-ФЗ','Страна происхождения товаров должна быть в первой части заявки, а документ подтверждающий это во второй части заявки'),(97,'2016-10-24','3','Письмо','Минэко','Д28и-2634','2016-09-28','О разъяснениях, связанных с применением Федерального закона от 5 апреля 2013 г. N 44-ФЗ','1. Бюджетное учреждение заключает \"контракт\". 2. Источник финансирования - существенное условие контракта. 3. Одноимённости нету. 4. Указывать в первой части заявки сведения о поставщике - неправомерно.'),(98,'2016-10-24','70','Письмо','Минэко','Д28и-2637','2016-09-28','О разъяснениях, связанных с применением Федерального закона от 5 апреля 2013 г. N 44-ФЗ','Контракт подписывается ЭЦП лица имеющего право заключать, но ответственность за исполнение несёт заказчик.'),(99,'2016-10-24','29','Письмо','Минэко','Д28и-747','2016-03-28','О предоставлении преимуществ организациям инвалидов при осуществлении закупок.','Если часть в перечне а часть нет преимущества инвалидам по ППРФ 341 не предоставляется'),(100,'2016-10-24','31','Письмо','ФАС','РП/68457-ПР/16','2016-10-04','О предоставлении позиции','п. 5 ч. 1 ст. 31 (задолжность в бюджеты) не распространяется на задолженность по арендным платежам.'),(101,'2016-10-27','32','Письмо','Минэко','Д28и-2007','2016-08-04','О рассмотрении обращения','Для подтверждения квалификации заказчик может установить любые подтверждающие документы на своё усмотрение.'),(102,'2016-10-27','94','Письмо','Минэко','Д28и-2396','2016-09-09','О разъяснениях, связанных с применением Федерального закона от 5 апреля 2013 г. N 44-ФЗ','Для провдения внутренней экспертизы отдельный документ не составляется. Экспертизу может провести и приёмочная комиссия.'),(103,'2016-10-27','1','Письмо','Минэко','Д28и-2385','2016-09-05','О разъяснениях, связанных с применением Федерального закона от 5 апреля 2013 г. N 44-ФЗ','Договор участия в долевом строительстве не попадает под 44-ФЗ и финансируется как инвестиция по бюджетному кодексу (так же как субсидирование бюджетных учреждений).'),(104,'2016-10-27','93','Письмо','Минэко','Д28и-2399','2016-09-14','О разъяснении положений Федерального закона от 5 апреля 2013 г. N 44-ФЗ','п. 23 ч.1 ст.93 нельзя использовать если помещения не переданы в оперативное управление'),(105,'2016-10-27','95','Письмо','Минэко','Д28и-2400','2016-09-05','О применении положений Федерального закона от 5 апреля 2013 г. N 44-ФЗ','Проделение срока исполнения контракта не предусмотрено'),(106,'2016-10-27','3','Письмо','Минэко','Д28и-2376','2016-09-05','О разъяснении положений Федерального закона от 5 апреля 2013 г. N 44-ФЗ \"О контрактной системе в сфере закупок товаров, работ, услуг для обеспечения государственных и муниципальных нужд','Казённое учреждение работает по 44-ФЗ по любым источникам финасирования.'),(107,'2016-10-27','94','Письмо','Минэко','Д28и-2308','2016-09-05','О разъяснениях, связанных с применением Федерального закона от 5 апреля 2013 г. N 44-ФЗ','Организации подведомственные заказчкику не могут проводить внешнюю экспертизу'),(108,'2016-10-27','95','Письмо','Минэко','Д28и-2354','2016-09-14','О разъяснении положений Федерального закона от 5 апреля 2013 г. N 44-ФЗ','Под вопросом. Расторгнуть контракт в одностороннем порядке можно и при заключении с единственным.'),(109,'2016-10-27','93','Письмо','Минэко','Д28и-2395','2016-09-16','О разъяснениях, связанных с применением Федерального закона от 5 апреля 2013 г. N 44-ФЗ','По п. 1 ч.1 ст. 93 можно заключить пересылку внутренней письменной корреспонденции (почтовых карточек, писем, бандеролей) с лююбой организацией предоставляющей эти услуги. (Не надо искать никаой реестр естественных монополий)'),(110,'2016-10-27',NULL,'Письмо','Минэко','Д28и-2394','2016-09-05','О разъяснениях, связанных с применением Федерального закона от 5 апреля 2013 г. N 44-ФЗ','1. Срок возврата обеспечения включает только основные обязательства, кроме случая когда при выполнении работ установлены гарантийные обязательства и их размер. 2.При изменении цены контракта при уменьшении лимитов обеспечение контракта не меняется. 3. При изменении цены контракта нужно менять и размер неустойки. Так же можно менять банковские реквизиты и адрес. 4. При участия в мероприятиях организатор может выбрать поставщика по п.4 а участники мероприятия оплатят поставщику по п.16. 5. Права по заключённому контракту можно предать уполномоченному органу в случае централизации. 6.'),(111,'2016-10-27','105','Письмо','Минэко','Д28и-2930','2015-10-09','О рассмотрении обращения','Любой участник закупки, чьи права и законные интересы были нарушены, вправе обратиться в суд и прокуратуру'),(112,'2016-10-27','14','Письмо','Минэко','Д28и-2404','2016-09-05','О разъяснении положений Федерального закона от 5 апреля 2013 г. N 44-ФЗ и приказа Минэкономразвития России от 25 марта 2014 г. N 155','При 155 приказе если доля товаров поставщиком не установлена она устанавливается так как было просчитано в НМЦК'),(113,'2016-10-27','108','Письмо','Минэко','Д28и-2379','2016-09-05','О разъяснении положений законодательства Российской Федерации о контрактной системе в сфере закупок','Елси казённое учрежденеие не несло затраты на коммуналку в прошлом году оно не может заключить энергосервисный контракт в этом году.'),(114,'2016-11-01',NULL,'Письмо','Минэко','Д28и-2659','2016-09-29','О разъяснениях, связанных с применением Федерального закона от 5 апреля 2013 г. N 44-ФЗ','При планировании на 2017 год используйте ППРФ 553 и 554'),(115,'2016-11-01',NULL,'Письмо','Минэко','Д28и-2658','2016-10-07','О разъяснениях, связанных с применением Федерального закона от 5 апреля 2013 г. N 44-ФЗ',NULL),(116,'2016-11-01',NULL,'Письмо','Минэко','Д28и-2657','2016-10-13','О разъяснениях, связанных с применением Федерального закона от 5 апреля 2013 г. N 44-ФЗ',NULL),(117,'2016-11-01',NULL,'Письмо','Минэко','Д28и-2653','2016-10-13','О разъяснениях, связанных с применением Федерального закона от 5 апреля 2013 г. N 44-ФЗ',NULL),(118,'2016-11-01',NULL,'Письмо','Минэко','Д28и-2671','2016-09-30','О разъяснениях, связанных с применением Федерального закона от 5 апреля 2013 г. N 44-ФЗ',NULL),(119,'2016-11-01',NULL,'Письмо','Минэко','Д28и-2674','2016-10-13','О разъяснениях, связанных с применением Федерального закона от 5 апреля 2013 г. N 44-ФЗ',NULL),(120,'2016-11-01',NULL,'Письмо','Минэко','Д28и-2675','2016-09-30','О разъяснениях, связанных с применением Федерального закона от 5 апреля 2013 г. N 44-ФЗ',NULL),(121,'2016-11-01',NULL,'Письмо','Минэко','Д28и-2660','2016-09-29','О разъяснениях, связанных с применением Федерального закона от 5 апреля 2013 г. N 44-ФЗ',NULL),(122,'2016-11-01',NULL,'Письмо','Минэко','Д28и-2661','2016-10-13','О разъяснениях, связанных с применением Федерального закона от 5 апреля 2013 г. N 44-ФЗ',NULL),(123,'2016-11-01',NULL,'Письмо','Минэко','Д28и-2639','2016-09-28','О разъяснениях, связанных с применением Федерального закона от 5 апреля 2013 г. N 44-ФЗ',NULL),(124,'2016-11-01',NULL,'Письмо','Минэко','Д28и-2638','2016-09-28','О разъяснениях, связанных с применением Федерального закона от 5 апреля 2013 г. N 44-ФЗ',NULL),(126,'2016-11-01',NULL,'Письмо','Минэко','Д28и-2651','2016-10-03','О разъяснениях, связанных с применением Федерального закона от 5 апреля 2013 г. N 44-ФЗ',NULL),(127,'2016-11-01',NULL,'Письмо','Минэко','Д28и-2652','2016-09-29','О разъяснениях, связанных с применением Федерального закона от 5 апреля 2013 г. N 44-ФЗ',NULL),(128,'2016-11-01',NULL,'Письмо','Минэко','Д28и-2672','2016-10-13','О разъяснениях, связанных с применением Федерального закона от 5 апреля 2013 г. N 44-ФЗ',NULL),(129,'2016-11-01',NULL,'Письмо','Минэко','Д28и-2656','2016-10-13','О разъяснениях, связанных с применением Федерального закона от 5 апреля 2013 г. N 44-ФЗ',NULL),(130,'2016-11-01',NULL,'Письмо','Минэко','Д28и-2673','2016-10-14','О разъяснениях, связанных с применением Федерального закона от 5 апреля 2013 г. N 44-ФЗ',NULL),(131,'2016-11-01',NULL,'Письмо','Минэко','Д28и-2408','2016-09-16','О разъяснениях, связанных с применением Федерального закона от 5 апреля 2013 г. N 44-ФЗ',NULL),(132,'2016-11-01',NULL,'Письмо','Минэко','Д28и-2405','2016-09-16','О разъяснениях, связанных с применением Федерального закона от 5 апреля 2013 г. N 44-ФЗ',NULL),(133,'2016-11-01',NULL,'Письмо','Минэко','Д28и-2452','2016-09-07','О разъяснениях, связанных с применением Федерального закона от 5 апреля 2013 г. N 44-ФЗ',NULL),(134,'2016-11-01',NULL,'Письмо','Минэко','Д28и-2455','2016-09-20','О разъяснениях, связанных с применением Федерального закона от 5 апреля 2013 г. N 44-ФЗ',NULL),(135,'2016-11-01',NULL,'Письмо','Минэко','Д28и-2456','2016-09-20','О разъяснениях, связанных с применением Федерального закона от 5 апреля 2013 г. N 44-ФЗ',NULL),(136,'2016-11-01',NULL,'Письмо','Минэко','Д28и-2450','2016-09-07','О разъяснениях, связанных с применением Федерального закона от 5 апреля 2013 г. N 44-ФЗ',NULL),(137,'2016-11-01',NULL,'Письмо','Минэко','Д28и-2365','2016-09-14','О разъяснениях, связанных с применением Федерального закона от 5 апреля 2013 г. N 44-ФЗ',NULL),(138,'2016-11-01',NULL,'Письмо','Минэко','Д28и-2411','2016-09-19','О разъяснениях, связанных с применением Федерального закона от 5 апреля 2013 г. N 44-ФЗ',NULL),(139,'2016-11-01',NULL,'Письмо','Минэко','Д28и-2545','2016-09-14','О разъяснениях, связанных с применением Федерального закона от 5 апреля 2013 г. N 44-ФЗ',NULL),(140,'2016-11-01',NULL,'Письмо','Минэко','Д28и-2453','2016-09-07','О разъяснениях, связанных с применением Федерального закона от 5 апреля 2013 г. N 44-ФЗ',NULL),(141,'2016-11-01',NULL,'Письмо','Минэко','Д28и-2460','2016-09-15','О разъяснениях, связанных с применением Федерального закона от 5 апреля 2013 г. N 44-ФЗ',NULL),(142,'2016-11-01',NULL,'Письмо','Минэко','Д28и-2449','2016-09-09','О разъяснениях, связанных с применением Федерального закона от 5 апреля 2013 г. N 44-ФЗ',NULL),(143,'2016-11-01',NULL,'Письмо','Минэко','Д28и-2135','2016-08-04','О разъяснениях, связанных с применением Федерального закона от 5 апреля 2013 г. N 44-ФЗ',NULL),(144,'2016-11-01',NULL,'Письмо','Минэко','ОГ-Д28-9403','2016-06-22','О разъяснениях, связанных с применением Федерального закона от 5 апреля 2013 г. N 44-ФЗ',NULL),(145,'2016-11-01',NULL,'Письмо','Минфин','02-02-15/17609','2016-03-29','О разъяснениях, связанных с применением Федерального закона от 5 апреля 2013 г. N 44-ФЗ',NULL),(146,'2016-11-01',NULL,'Письмо','Минэко','Д28и-2570','2016-10-03','О разъяснениях, связанных с применением Федерального закона от 5 апреля 2013 г. N 44-ФЗ',NULL),(147,'2016-11-01',NULL,'Письмо','Минэко','Д28и-2575','2016-09-28','О разъяснениях, связанных с применением Федерального закона от 5 апреля 2013 г. N 44-ФЗ',NULL),(148,'2016-11-01',NULL,'Письмо','Минэко','Д28и-2574','2016-09-19','О разъяснениях, связанных с применением Федерального закона от 5 апреля 2013 г. N 44-ФЗ',NULL),(149,'2016-11-01',NULL,'Письмо','Минэко','Д28и-2543','2016-09-27','О разъяснениях, связанных с применением Федерального закона от 5 апреля 2013 г. N 44-ФЗ',NULL),(150,'2016-11-01',NULL,'Письмо','Минэко','Д28и-2542','2016-09-27','О разъяснениях, связанных с применением Федерального закона от 5 апреля 2013 г. N 44-ФЗ',NULL),(151,'2016-11-01',NULL,'Письмо','Минэко','Д28и-2577','2016-09-19','О разъяснениях, связанных с применением Федерального закона от 5 апреля 2013 г. N 44-ФЗ',NULL),(152,'2016-11-01',NULL,'Письмо','Минэко','Д28и-2540','2016-09-27','О разъяснениях, связанных с применением Федерального закона от 5 апреля 2013 г. N 44-ФЗ',NULL),(153,'2016-11-01',NULL,'Письмо','Минэко','Д28и-2617','2016-09-27','О разъяснениях, связанных с применением Федерального закона от 5 апреля 2013 г. N 44-ФЗ',NULL),(154,'2016-11-01',NULL,'Письмо','Минэко','Д28и-2618','2016-09-27','О разъяснениях, связанных с применением Федерального закона от 5 апреля 2013 г. N 44-ФЗ',NULL),(155,'2016-11-01',NULL,'Письмо','Минэко','Д28и-2479','2016-09-15','О разъяснениях, связанных с применением Федерального закона от 5 апреля 2013 г. N 44-ФЗ',NULL),(156,'2016-11-01',NULL,'Письмо','Минэко','Д28и-2622','2016-10-10','О разъяснениях, связанных с применением Федерального закона от 5 апреля 2013 г. N 44-ФЗ',NULL),(157,'2016-11-01',NULL,'Письмо','Минэко','Д28и-2475','2016-09-08','О разъяснениях, связанных с применением Федерального закона от 5 апреля 2013 г. N 44-ФЗ',NULL),(158,'2016-11-01',NULL,'Письмо','Минэко','Д28и-2474','2016-09-08','О разъяснениях, связанных с применением Федерального закона от 5 апреля 2013 г. N 44-ФЗ',NULL),(159,'2016-11-01',NULL,'Письмо','Минэко','Д28и-2473','2016-09-12','О разъяснениях, связанных с применением Федерального закона от 5 апреля 2013 г. N 44-ФЗ',NULL),(160,'2016-11-01',NULL,'Письмо','Минэко','Д28и-2470','2016-09-08','О разъяснениях, связанных с применением Федерального закона от 5 апреля 2013 г. N 44-ФЗ',NULL),(161,'2016-11-01',NULL,'Письмо','Минэко','Д28и-2560','2016-09-30','О разъяснениях, связанных с применением Федерального закона от 5 апреля 2013 г. N 44-ФЗ',NULL),(162,'2016-11-01',NULL,'Письмо','Минэко','Д28и-2472','2016-09-08','О разъяснениях, связанных с применением Федерального закона от 5 апреля 2013 г. N 44-ФЗ',NULL),(164,'2016-11-01','94','Письмо','Минэко','Д28и-2616','2016-10-10','О разъяснениях, связанных с применением Федерального закона от 5 апреля 2013 г. N 44-ФЗ','Чушь. Решение о приёмочной комиссии заказчик принимает самостоятельно.'),(165,'2016-11-01',NULL,'Письмо','Минэко','Д28и-2603','2016-09-26','О разъяснениях, связанных с применением Федерального закона от 5 апреля 2013 г. N 44-ФЗ',NULL),(166,'2016-11-01',NULL,'Письмо','Минэко','Д28и-2620','2016-10-10','О разъяснениях, связанных с применением Федерального закона от 5 апреля 2013 г. N 44-ФЗ',NULL),(167,'2016-11-01',NULL,'Письмо','Минэко','Д28и-2623','2016-09-30','О разъяснениях, связанных с применением Федерального закона от 5 апреля 2013 г. N 44-ФЗ',NULL),(168,'2016-11-01',NULL,'Письмо','Минэко','Д28и-2608','2016-09-26','О разъяснениях, связанных с применением Федерального закона от 5 апреля 2013 г. N 44-ФЗ',NULL),(169,'2016-11-02','96','Письмо','Минэко','Д28и-65','2015-01-16','О разъяснениях, связанных с применением Федерального закона от 5 апреля 2013 г. N 44-ФЗ','Неустойка и банковская гарантия два разных самостоятельных способа обеспечения обязательств, поэтому неустойка не может быть оплачена из банковской гарантии, поскольку не являтся основным обязательством.'),(170,'2016-11-02','96','Письмо','Минэко','Д28и-416','2016-02-15','О разъяснениях, связанных с применением Федерального закона от 5 апреля 2013 г. N 44-ФЗ','Неустойка может быть оплачена из банковской гарантии'),(171,'2016-11-02','96','Статья','Аукционный Вестник','296','2016-06-24','Обеспечение исполнения контракта: как заказчику следует им распорядиться?','Подробный анализ обеспечения контракта. Как его устанавливать, возвращать, отношение к неустойке.'),(172,'2016-11-10',NULL,'Письмо','Минфин','02-03-12/26280','2016-05-06','О разъяснениях, связанных с применением Федерального закона от 5 апреля 2013 г. N 44-ФЗ',NULL),(174,'2016-11-11',NULL,'Письмо','Минэко','Д28и-2254','2016-09-02','О разъяснениях, связанных с применением Федерального закона от 5 апреля 2013 г. N 44-ФЗ',NULL),(175,'2016-11-11',NULL,'Письмо','Минэко','Д28и-2255','2016-09-02','О разъяснениях, связанных с применением Федерального закона от 5 апреля 2013 г. N 44-ФЗ',NULL),(176,'2016-11-11',NULL,'Письмо','Минэко','Д28и-2256','2016-09-02','О разъяснениях, связанных с применением Федерального закона от 5 апреля 2013 г. N 44-ФЗ',NULL),(177,'2016-11-11',NULL,'Письмо','Минэко','Д28и-2257','2016-09-02','О разъяснениях, связанных с применением Федерального закона от 5 апреля 2013 г. N 44-ФЗ',NULL),(178,'2016-11-11',NULL,'Письмо','Минэко','Д28и-2269','2016-09-02','О разъяснениях, связанных с применением Федерального закона от 5 апреля 2013 г. N 44-ФЗ',NULL),(179,'2016-11-11',NULL,'Письмо','Минэко','Д28и-2275','2016-09-02','О разъяснениях, связанных с применением Федерального закона от 5 апреля 2013 г. N 44-ФЗ',NULL),(180,'2016-11-11',NULL,'Письмо','Минэко','Д28и-2522','2016-08-03','О разъяснениях, связанных с применением Федерального закона от 5 апреля 2013 г. N 44-ФЗ',NULL),(181,'2016-11-11',NULL,'Письмо','Минэко','Д28и-2264','2016-09-05','О разъяснениях, связанных с применением Федерального закона от 5 апреля 2013 г. N 44-ФЗ',NULL),(182,'2016-11-11',NULL,'Письмо','Минэко','Д28и-2265','2016-09-05','О разъяснениях, связанных с применением Федерального закона от 5 апреля 2013 г. N 44-ФЗ',NULL),(183,'2016-11-11',NULL,'Письмо','Минэко','Д28и-2266','2016-09-05','О разъяснениях, связанных с применением Федерального закона от 5 апреля 2013 г. N 44-ФЗ',NULL),(184,'2016-11-11',NULL,'Письмо','Минэко','Д28и-2271','2016-09-05','О разъяснениях, связанных с применением Федерального закона от 5 апреля 2013 г. N 44-ФЗ',NULL),(185,'2016-11-11',NULL,'Письмо','Минэко','Д28и-2273','2016-09-05','О разъяснениях, связанных с применением Федерального закона от 5 апреля 2013 г. N 44-ФЗ',NULL),(186,'2016-11-11',NULL,'Письмо','Минэко','Д28и-2276','2016-09-05','О разъяснениях, связанных с применением Федерального закона от 5 апреля 2013 г. N 44-ФЗ',NULL),(187,'2016-11-11',NULL,'Письмо','Минэко','Д28и-2280','2016-09-05','О разъяснениях, связанных с применением Федерального закона от 5 апреля 2013 г. N 44-ФЗ',NULL),(188,'2016-11-11',NULL,'Письмо','Минэко','Д28и-2281','2016-09-05','О разъяснениях, связанных с применением Федерального закона от 5 апреля 2013 г. N 44-ФЗ',NULL),(189,'2016-11-11',NULL,'Письмо','Минэко','Д28и-2282','2016-09-05','О разъяснениях, связанных с применением Федерального закона от 5 апреля 2013 г. N 44-ФЗ',NULL),(190,'2016-11-11',NULL,'Письмо','Минэко','Д28и-2289','2016-09-05','О разъяснениях, связанных с применением Федерального закона от 5 апреля 2013 г. N 44-ФЗ',NULL),(191,'2016-11-11',NULL,'Письмо','Минэко','Д28и-2292','2016-09-05','О разъяснениях, связанных с применением Федерального закона от 5 апреля 2013 г. N 44-ФЗ',NULL),(192,'2016-11-11',NULL,'Письмо','Минэко','Д28и-2293','2016-09-05','О разъяснениях, связанных с применением Федерального закона от 5 апреля 2013 г. N 44-ФЗ',NULL),(193,'2016-11-11',NULL,'Письмо','Минэко','Д28и-2294','2016-09-05','О разъяснениях, связанных с применением Федерального закона от 5 апреля 2013 г. N 44-ФЗ',NULL),(194,'2016-11-11',NULL,'Письмо','Минэко','Д28и-2295','2016-09-05','О разъяснениях, связанных с применением Федерального закона от 5 апреля 2013 г. N 44-ФЗ',NULL),(195,'2016-11-11',NULL,'Письмо','Минэко','Д28и-2299','2016-09-05','О разъяснениях, связанных с применением Федерального закона от 5 апреля 2013 г. N 44-ФЗ',NULL),(196,'2016-11-11',NULL,'Письмо','Минэко','Д28и-2300','2016-09-05','О разъяснениях, связанных с применением Федерального закона от 5 апреля 2013 г. N 44-ФЗ',NULL),(197,'2016-11-11',NULL,'Письмо','Минэко','Д28и-2331','2016-09-05','О разъяснениях, связанных с применением Федерального закона от 5 апреля 2013 г. N 44-ФЗ',NULL),(198,'2016-11-11',NULL,'Письмо','Минэко','Д28и-2360','2016-09-05','О разъяснениях, связанных с применением Федерального закона от 5 апреля 2013 г. N 44-ФЗ',NULL),(199,'2016-11-11',NULL,'Письмо','Минэко','Д28и-2361','2016-09-05','О разъяснениях, связанных с применением Федерального закона от 5 апреля 2013 г. N 44-ФЗ',NULL),(200,'2016-11-11',NULL,'Письмо','Минэко','Д28и-2372','2016-09-05','О разъяснениях, связанных с применением Федерального закона от 5 апреля 2013 г. N 44-ФЗ',NULL),(201,'2016-11-11',NULL,'Письмо','Минэко','Д28и-2377','2016-09-05','О разъяснениях, связанных с применением Федерального закона от 5 апреля 2013 г. N 44-ФЗ',NULL),(202,'2016-11-11',NULL,'Письмо','Минэко','Д28и-2424','2016-09-06','О разъяснениях, связанных с применением Федерального закона от 5 апреля 2013 г. N 44-ФЗ',NULL),(203,'2016-11-11',NULL,'Письмо','Минэко','Д28и-2279','2016-09-07','О разъяснениях, связанных с применением Федерального закона от 5 апреля 2013 г. N 44-ФЗ',NULL),(204,'2016-11-11',NULL,'Письмо','Минэко','Д28и-2283','2016-09-07','О разъяснениях, связанных с применением Федерального закона от 5 апреля 2013 г. N 44-ФЗ',NULL),(205,'2016-11-11',NULL,'Письмо','Минэко','Д28и-2284','2016-09-07','О разъяснениях, связанных с применением Федерального закона от 5 апреля 2013 г. N 44-ФЗ',NULL),(206,'2016-11-11',NULL,'Письмо','Минэко','Д28и-2175','2016-08-08','О разъяснениях, связанных с применением Федерального закона от 5 апреля 2013 г. N 44-ФЗ',NULL),(207,'2016-11-11',NULL,'Письмо','Минэко','Д28и-2301','2016-09-08','О разъяснениях, связанных с применением Федерального закона от 5 апреля 2013 г. N 44-ФЗ',NULL),(208,'2016-11-11',NULL,'Письмо','Минэко','Д28и-2303','2016-09-08','О разъяснениях, связанных с применением Федерального закона от 5 апреля 2013 г. N 44-ФЗ',NULL),(209,'2016-11-11',NULL,'Письмо','Минэко','Д28и-2311','2016-09-08','О разъяснениях, связанных с применением Федерального закона от 5 апреля 2013 г. N 44-ФЗ',NULL),(210,'2016-11-11',NULL,'Письмо','Минэко','Д28и-2353','2016-09-08','О разъяснениях, связанных с применением Федерального закона от 5 апреля 2013 г. N 44-ФЗ',NULL),(211,'2016-11-11',NULL,'Письмо','Минэко','Д28и-2314','2016-08-09','О разъяснениях, связанных с применением Федерального закона от 5 апреля 2013 г. N 44-ФЗ',NULL),(212,'2016-11-11',NULL,'Письмо','Минэко','Д28и-2313','2016-09-09','О разъяснениях, связанных с применением Федерального закона от 5 апреля 2013 г. N 44-ФЗ',NULL),(213,'2016-11-11',NULL,'Письмо','Минэко','Д28и-2356','2016-09-09','О разъяснениях, связанных с применением Федерального закона от 5 апреля 2013 г. N 44-ФЗ',NULL),(214,'2016-11-11',NULL,'Письмо','Минэко','ОГ-Д28-9996','2016-08-12','О разъяснениях, связанных с применением Федерального закона от 5 апреля 2013 г. N 44-ФЗ',NULL),(215,'2016-11-11',NULL,'Письмо','Минэко','Д28и-2316','2016-09-12','О разъяснениях, связанных с применением Федерального закона от 5 апреля 2013 г. N 44-ФЗ',NULL),(216,'2016-11-11',NULL,'Письмо','Минэко','Д28и-2322','2016-09-12','О разъяснениях, связанных с применением Федерального закона от 5 апреля 2013 г. N 44-ФЗ',NULL),(217,'2016-11-11',NULL,'Письмо','Минэко','Д28и-2334','2016-09-12','О разъяснениях, связанных с применением Федерального закона от 5 апреля 2013 г. N 44-ФЗ',NULL),(218,'2016-11-11',NULL,'Письмо','Минэко','Д28и-2409','2016-09-12','О разъяснениях, связанных с применением Федерального закона от 5 апреля 2013 г. N 44-ФЗ',NULL),(219,'2016-11-11',NULL,'Письмо','Минэко','Д28и-2341','2016-09-14','О разъяснениях, связанных с применением Федерального закона от 5 апреля 2013 г. N 44-ФЗ',NULL),(220,'2016-11-11',NULL,'Письмо','Минэко','Д28и-2351','2016-09-14','О разъяснениях, связанных с применением Федерального закона от 5 апреля 2013 г. N 44-ФЗ',NULL),(221,'2016-11-11',NULL,'Письмо','Минэко','Д28и-2355','2016-09-14','О разъяснениях, связанных с применением Федерального закона от 5 апреля 2013 г. N 44-ФЗ',NULL),(222,'2016-11-11',NULL,'Письмо','Минэко','ОГ-Д28-9707','2016-08-15','О разъяснениях, связанных с применением Федерального закона от 5 апреля 2013 г. N 44-ФЗ',NULL),(223,'2016-11-11',NULL,'Письмо','Минэко','Д28и-2401','2016-09-16','О разъяснениях, связанных с применением Федерального закона от 5 апреля 2013 г. N 44-ФЗ',NULL),(224,'2016-11-11',NULL,'Письмо','Минэко','Д28и-2160','2016-08-19','О разъяснениях, связанных с применением Федерального закона от 5 апреля 2013 г. N 44-ФЗ',NULL),(225,'2016-11-11',NULL,'Письмо','Минэко','Д28и-2176','2016-08-19','О разъяснениях, связанных с применением Федерального закона от 5 апреля 2013 г. N 44-ФЗ',NULL),(226,'2016-11-11',NULL,'Письмо','Минэко','Д28и-2274','2016-08-19','О разъяснениях, связанных с применением Федерального закона от 5 апреля 2013 г. N 44-ФЗ',NULL),(227,'2016-11-11',NULL,'Письмо','Минэко','Д28и-2410','2016-09-19','О разъяснениях, связанных с применением Федерального закона от 5 апреля 2013 г. N 44-ФЗ',NULL),(228,'2016-11-11',NULL,'Письмо','Минэко','Д28и-2454','2016-09-20','О разъяснениях, связанных с применением Федерального закона от 5 апреля 2013 г. N 44-ФЗ',NULL),(229,'2016-11-11',NULL,'Письмо','Минэко','Д28и-2457','2016-09-20','О разъяснениях, связанных с применением Федерального закона от 5 апреля 2013 г. N 44-ФЗ',NULL),(230,'2016-11-11',NULL,'Письмо','Минэко','Д28и-2229','2016-08-22','О разъяснениях, связанных с применением Федерального закона от 5 апреля 2013 г. N 44-ФЗ',NULL),(231,'2016-11-11',NULL,'Письмо','Минэко','Д28и-2272','2016-08-23','О разъяснениях, связанных с применением Федерального закона от 5 апреля 2013 г. N 44-ФЗ',NULL),(232,'2016-11-11',NULL,'Письмо','Минэко','Д28и-2523','2016-09-23','О разъяснениях, связанных с применением Федерального закона от 5 апреля 2013 г. N 44-ФЗ',NULL),(233,'2016-11-11',NULL,'Письмо','Минэко','Д28и-2234','2016-08-26','О разъяснениях, связанных с применением Федерального закона от 5 апреля 2013 г. N 44-ФЗ',NULL),(234,'2016-11-11',NULL,'Письмо','Минэко','Д28и-2251','2016-08-26','О разъяснениях, связанных с применением Федерального закона от 5 апреля 2013 г. N 44-ФЗ',NULL),(235,'2016-11-11',NULL,'Письмо','Минэко','Д28и-2263','2016-08-29','О разъяснениях, связанных с применением Федерального закона от 5 апреля 2013 г. N 44-ФЗ',NULL),(236,'2016-11-11',NULL,'Письмо','Минэко','Д28и-2267','2016-08-29','О разъяснениях, связанных с применением Федерального закона от 5 апреля 2013 г. N 44-ФЗ',NULL),(237,'2016-11-11',NULL,'Письмо','Минобр','МОН-П-3532','2016-09-01','О разъяснениях, связанных с применением Федерального закона от 5 апреля 2013 г. N 44-ФЗ',NULL),(238,'2016-11-11',NULL,'Письмо','Минтранс','ЕД-22/12704','2016-09-26','О разъяснениях, связанных с применением Федерального закона от 5 апреля 2013 г. N 44-ФЗ',NULL),(239,'2016-11-11',NULL,'Письмо','Минфин','21-03-04/61291','2016-10-20','О разъяснениях, связанных с применением Федерального закона от 5 апреля 2013 г. N 44-ФЗ',NULL),(240,'2016-11-11',NULL,'Письмо','ФАС','ИА/71493/16','2016-10-18','О закупках лекарственных препаратов, имеющих МНН \"Аминосалициловая кислота','Требования к лс Аминосалициловая кислота'),(241,'2016-11-11',NULL,'Письмо','Фондсоцстрах','02-09-11/04-09-21851','2016-10-17','О разъяснениях, связанных с применением Федерального закона от 5 апреля 2013 г. N 44-ФЗ',NULL),(242,'2016-11-16','95','Письмо','Минэко, ФАС','324-ЕЕ/Д28и, АЦ/9777/16','2016-02-18','О позиции Минэкономразвития России и ФАС России по вопросу об установлении в проекте контракта оснований для одностороннего отказа заказчика от исполнения контракта при осуществлении закупок в соответствии с Федеральным законом от 5 апреля 2013 г. N 44-ФЗ \"О контрактной системе в сфере закупок товаров, работ, услуг для обеспечения государственных и муниципальных нужд','Желательно включать в проект контракта конкретные случаи одностороннего расторжения согласно ГК'),(245,'2016-11-16','1','Письмо','Минэко','Д28и-2435','2016-09-07','О разъяснениях, связанных с применением Федерального закона от 5 апреля 2013 г. N 44-ФЗ','Командировочные расходы и разные взносы не попадают под 44-ФЗ'),(246,'2016-11-16','34','Письмо','Минэко','Д28и-2443','2016-09-07','О разъяснениях, связанных с применением Федерального закона от 5 апреля 2013 г. N 44-ФЗ','Включать в контракт условие о возврате денег поставщиком если контрольный орган установил невыполнение работ или превышение их стоимости нецелесообразно, поскольку это будет успешно обжаловано в суде'),(247,'2016-11-16','34','Письмо','Минэко','Д28и-2425','2016-09-16','О разъяснениях, связанных с применением Федерального закона от 5 апреля 2013 г. N 44-ФЗ','Если УСН то на сумму НДС не уменьшается цена контракта'),(248,'2016-11-16','22','Письмо','Минэко','Д28и-2426','2016-09-19','О разъяснениях, связанных с применением Федерального закона от 5 апреля 2013 г. N 44-ФЗ','НМЦК лекарства ЖНВЛП обосновываются только методом сопоставимых рыночных цен'),(249,'2016-11-16','94','Письмо','Минэко','Д28и-2469','2016-09-21','О разъяснениях, связанных с применением Федерального закона от 5 апреля 2013 г. N 44-ФЗ','Отчёт об исполнении контракта формируются после появления двух документов оплаты и приёмки'),(250,'2016-11-16','59','Письмо','Минстроя','32392-ХМ/08','2016-10-03','Об исключении работ по строительству и реконструкции социально значимых объектов капитального строительства из Перечня товаров, работ, услуг, в случае осуществления закупок которых заказчик обязан проводить аукцион в электронной форме (электронный аукцион)','Минстрой предлагает исключить стройку из аукционного перечня'),(251,'2016-11-16',NULL,'Письмо','Минэко','Д28и-2581','2016-10-03','О разъяснениях, связанных с применением Федерального закона от 5 апреля 2013 г. N 44-ФЗ',NULL),(252,'2016-11-16',NULL,'Письмо','Минэко','Д28и-2582','2016-10-03','О разъяснениях, связанных с применением Федерального закона от 5 апреля 2013 г. N 44-ФЗ',NULL),(253,'2016-11-16',NULL,'Письмо','Минэко','Д28и-2584','2016-10-03','О разъяснениях, связанных с применением Федерального закона от 5 апреля 2013 г. N 44-ФЗ',NULL),(254,'2016-11-16',NULL,'Письмо','Минэко','Д28и-2600','2016-10-03','О разъяснениях, связанных с применением Федерального закона от 5 апреля 2013 г. N 44-ФЗ',NULL),(255,'2016-11-16',NULL,'Письмо','Минэко','Д28и-2602','2016-10-03','О разъяснениях, связанных с применением Федерального закона от 5 апреля 2013 г. N 44-ФЗ',NULL),(256,'2016-11-16',NULL,'Письмо','Минэко','Д28и-2592','2016-10-04','О разъяснениях, связанных с применением Федерального закона от 5 апреля 2013 г. N 44-ФЗ',NULL),(257,'2016-11-16',NULL,'Письмо','Минэко','Д28и-2417','2016-09-05','О разъяснениях, связанных с применением Федерального закона от 5 апреля 2013 г. N 44-ФЗ',NULL),(258,'2016-11-16',NULL,'Письмо','Минэко','Д28и-2422','2016-09-05','О разъяснениях, связанных с применением Федерального закона от 5 апреля 2013 г. N 44-ФЗ',NULL),(259,'2016-11-16',NULL,'Письмо','Минэко','Д28и-2419','2016-09-06','О разъяснениях, связанных с применением Федерального закона от 5 апреля 2013 г. N 44-ФЗ',NULL),(260,'2016-11-16',NULL,'Письмо','Минэко','Д28и-2429','2016-09-06','О разъяснениях, связанных с применением Федерального закона от 5 апреля 2013 г. N 44-ФЗ',NULL),(261,'2016-11-16',NULL,'Письмо','Минэко','Д28и-2462','2016-09-08','О разъяснениях, связанных с применением Федерального закона от 5 апреля 2013 г. N 44-ФЗ',NULL),(262,'2016-11-16',NULL,'Письмо','Минэко','Д28и-2463','2016-09-08','О разъяснениях, связанных с применением Федерального закона от 5 апреля 2013 г. N 44-ФЗ',NULL),(263,'2016-11-16',NULL,'Письмо','Минэко','Д28и-2478','2016-09-08','О разъяснениях, связанных с применением Федерального закона от 5 апреля 2013 г. N 44-ФЗ',NULL),(264,'2016-11-16',NULL,'Письмо','Минэко','Д28и-2418','2016-09-09','О разъяснениях, связанных с применением Федерального закона от 5 апреля 2013 г. N 44-ФЗ',NULL),(265,'2016-11-16',NULL,'Письмо','Минэко','Д28и-2420','2016-09-09','О разъяснениях, связанных с применением Федерального закона от 5 апреля 2013 г. N 44-ФЗ',NULL),(266,'2016-11-16',NULL,'Письмо','Минэко','Д28и-2490','2016-09-09','О разъяснениях, связанных с применением Федерального закона от 5 апреля 2013 г. N 44-ФЗ',NULL),(267,'2016-11-16',NULL,'Письмо','Минэко','Д28и-2508','2016-09-09','О разъяснениях, связанных с применением Федерального закона от 5 апреля 2013 г. N 44-ФЗ',NULL),(268,'2016-11-16',NULL,'Письмо','Минэко','Д28и-2619','2016-10-10','О разъяснениях, связанных с применением Федерального закона от 5 апреля 2013 г. N 44-ФЗ',NULL),(269,'2016-11-16',NULL,'Письмо','Минэко','Д28и-2547','2016-09-14','О разъяснениях, связанных с применением Федерального закона от 5 апреля 2013 г. N 44-ФЗ',NULL),(270,'2016-11-16',NULL,'Письмо','Минэко','Д28и-2549','2016-09-14','О разъяснениях, связанных с применением Федерального закона от 5 апреля 2013 г. N 44-ФЗ',NULL),(271,'2016-11-16',NULL,'Письмо','Минэко','Д28и-2550','2016-09-14','О разъяснениях, связанных с применением Федерального закона от 5 апреля 2013 г. N 44-ФЗ',NULL),(272,'2016-11-16',NULL,'Письмо','Минэко','Д28и-2551','2016-09-14','О разъяснениях, связанных с применением Федерального закона от 5 апреля 2013 г. N 44-ФЗ',NULL),(273,'2016-11-16',NULL,'Письмо','Минэко','Д28и-2459','2016-09-15','О разъяснениях, связанных с применением Федерального закона от 5 апреля 2013 г. N 44-ФЗ',NULL),(274,'2016-11-16',NULL,'Письмо','Минэко','Д28и-2503','2016-09-15','О разъяснениях, связанных с применением Федерального закона от 5 апреля 2013 г. N 44-ФЗ','1. При закупки строительных работ обязательно должен быть указан объём работ. 2. Контракт можно заключить только при наличии лимитов, а бюджетная роспись до ГРБС доводится до начала финансового года.'),(275,'2016-11-16',NULL,'Письмо','Минэко','Д28и-2533','2016-09-15','О разъяснениях, связанных с применением Федерального закона от 5 апреля 2013 г. N 44-ФЗ',NULL),(276,'2016-11-16',NULL,'Письмо','Минэко','Д28и-2548','2016-09-15','О разъяснениях, связанных с применением Федерального закона от 5 апреля 2013 г. N 44-ФЗ',NULL),(277,'2016-11-16',NULL,'Письмо','Минэко','Д28и-2554','2016-09-15','О разъяснениях, связанных с применением Федерального закона от 5 апреля 2013 г. N 44-ФЗ',NULL),(278,'2016-11-16',NULL,'Письмо','Минэко','Д28и-2465','2016-09-16','О разъяснениях, связанных с применением Федерального закона от 5 апреля 2013 г. N 44-ФЗ',NULL),(279,'2016-11-16',NULL,'Письмо','Минэко','Д28и-2427','2016-09-19','О разъяснениях, связанных с применением Федерального закона от 5 апреля 2013 г. N 44-ФЗ',NULL),(280,'2016-11-16',NULL,'Письмо','Минэко','Д28и-2464','2016-09-19','О разъяснениях, связанных с применением Федерального закона от 5 апреля 2013 г. N 44-ФЗ',NULL),(281,'2016-11-16',NULL,'Письмо','Минэко','Д28и-2572','2016-09-19','О разъяснениях, связанных с применением Федерального закона от 5 апреля 2013 г. N 44-ФЗ',NULL),(282,'2016-11-16',NULL,'Письмо','Минэко','Д28и-2578','2016-09-19','О разъяснениях, связанных с применением Федерального закона от 5 апреля 2013 г. N 44-ФЗ',NULL),(283,'2016-11-16',NULL,'Письмо','Минэко','Д28и-2579','2016-09-19','О разъяснениях, связанных с применением Федерального закона от 5 апреля 2013 г. N 44-ФЗ',NULL),(284,'2016-11-16',NULL,'Письмо','Минэко','Д28и-2587','2016-09-19','О разъяснениях, связанных с применением Федерального закона от 5 апреля 2013 г. N 44-ФЗ',NULL),(285,'2016-11-16',NULL,'Письмо','Минэко','Д28и-2588','2016-09-19','О разъяснениях, связанных с применением Федерального закона от 5 апреля 2013 г. N 44-ФЗ',NULL),(286,'2016-11-16',NULL,'Письмо','Минэко','Д28и-2590','2016-09-19','О разъяснениях, связанных с применением Федерального закона от 5 апреля 2013 г. N 44-ФЗ',NULL),(287,'2016-11-16',NULL,'Письмо','Минэко','Д28и-2591','2016-09-20','О разъяснениях, связанных с применением Федерального закона от 5 апреля 2013 г. N 44-ФЗ',NULL),(288,'2016-11-16',NULL,'Письмо','Минэко','Д28и-2458','2016-09-21','О разъяснениях, связанных с применением Федерального закона от 5 апреля 2013 г. N 44-ФЗ',NULL),(289,'2016-11-16',NULL,'Письмо','Минэко','Д28и-2468','2016-09-21','О разъяснениях, связанных с применением Федерального закона от 5 апреля 2013 г. N 44-ФЗ',NULL),(290,'2016-11-16',NULL,'Письмо','Минэко','Д28и-2477','2016-09-21','О разъяснениях, связанных с применением Федерального закона от 5 апреля 2013 г. N 44-ФЗ',NULL),(291,'2016-11-16',NULL,'Письмо','Минэко','Д28и-2497','2016-09-21','О разъяснениях, связанных с применением Федерального закона от 5 апреля 2013 г. N 44-ФЗ',NULL),(292,'2016-11-16','26','Письмо','Минэко','Д28и-2546','2016-09-21','О разъяснениях, связанных с применением Федерального закона от 5 апреля 2013 г. N 44-ФЗ','Чушь. Уполномоченных орган заключает контракт если ему переданы полномочия на заключение контракта.'),(293,'2016-11-16',NULL,'Письмо','Минэко','Д28и-2492','2016-09-22','О разъяснениях, связанных с применением Федерального закона от 5 апреля 2013 г. N 44-ФЗ',NULL),(294,'2016-11-16',NULL,'Письмо','Минэко','Д28и-2504','2016-09-23','О разъяснениях, связанных с применением Федерального закона от 5 апреля 2013 г. N 44-ФЗ',NULL),(295,'2016-11-16',NULL,'Письмо','Минэко','Д28и-2509','2016-09-23','О разъяснениях, связанных с применением Федерального закона от 5 апреля 2013 г. N 44-ФЗ',NULL),(296,'2016-11-16',NULL,'Письмо','Минэко','Д28и-2518','2016-09-23','О разъяснениях, связанных с применением Федерального закона от 5 апреля 2013 г. N 44-ФЗ',NULL),(297,'2016-11-16',NULL,'Письмо','Минэко','Д28и-2519','2016-09-23','О разъяснениях, связанных с применением Федерального закона от 5 апреля 2013 г. N 44-ФЗ',NULL),(298,'2016-11-16',NULL,'Письмо','Минэко','Д28и-2532','2016-09-23','О разъяснениях, связанных с применением Федерального закона от 5 апреля 2013 г. N 44-ФЗ','Чушь. Уполномоченных орган заключает контракт если ему переданы полномочия на заключение контракта.'),(299,'2016-11-16',NULL,'Письмо','Минэко','Д28и-2537','2016-09-23','О разъяснениях, связанных с применением Федерального закона от 5 апреля 2013 г. N 44-ФЗ',NULL),(300,'2016-11-16',NULL,'Письмо','Минэко','Д28и-2586','2016-09-23','О разъяснениях, связанных с применением Федерального закона от 5 апреля 2013 г. N 44-ФЗ',NULL),(301,'2016-11-16',NULL,'Письмо','Минэко','Д28и-2593','2016-09-23','О разъяснениях, связанных с применением Федерального закона от 5 апреля 2013 г. N 44-ФЗ',NULL),(302,'2016-11-16',NULL,'Письмо','Минэко','Д28и-2531','2016-09-26','О разъяснениях, связанных с применением Федерального закона от 5 апреля 2013 г. N 44-ФЗ',NULL),(303,'2016-11-16',NULL,'Письмо','Минэко','Д28и-2601','2016-09-26','О разъяснениях, связанных с применением Федерального закона от 5 апреля 2013 г. N 44-ФЗ',NULL),(304,'2016-11-16',NULL,'Письмо','Минэко','Д28и-2544','2016-09-27','О разъяснениях, связанных с применением Федерального закона от 5 апреля 2013 г. N 44-ФЗ',NULL),(305,'2016-11-16',NULL,'Письмо','Минэко','Д28и-2558','2016-09-29','О разъяснениях, связанных с применением Федерального закона от 5 апреля 2013 г. N 44-ФЗ',NULL),(306,'2016-11-16',NULL,'Письмо','Минэко','Д28и-2573','2016-09-30','О разъяснениях, связанных с применением Федерального закона от 5 апреля 2013 г. N 44-ФЗ',NULL),(307,'2016-11-18','16','Письмо','Минэко','Д28и-2594','2016-10-04','О разъяснениях, связанных с применением Федерального закона от 5 апреля 2013 г. N 44-ФЗ','Что писать в ИКЗ если несколько товаров или несколько источников финансирования. Ответе УКСису'),(308,'2016-11-21',NULL,'Письмо','Минфин','02-11-00/5959','2011-12-26','о порядке оплаты получателями бюджетных средств и бюджетными учреждениями обязательств по контрактам при неисполнении или ненадлежащем исполнении исполнителем своих обязательств по указанным контрактам','Каким образом можно взызкать неустойку с суммы оплаты по контратку'),(309,'2016-11-21','93','Письмо','Минэко','Д28и-670','2014-04-30','О разъяснениях, связанных с применением Федерального закона от 5 апреля 2013 г. N 44-ФЗ','Марки у п.1 ч.1 ст.93 нельзя.'),(310,'2016-11-24',NULL,'Письмо','ФАС','КА/21710/15','2015-04-30','О РАССМОТРЕНИИ ОБРАЩЕНИЙ ФАС России в рамках рассмотрения обращения о нарушении антимонопольного законодательства сообщает следующее.','Субсидии бюджетных учреждений предоставляются не по 44-ФЗ а согласно бюджетного кодекса'),(311,'2016-11-24',NULL,'Письмо','Минобр','08-1994','2016-09-22','О приобретении (изготовлении) бланков аттестатов об основном общем и среднем общем образовании','Начинайте закупать бланки аттестатов уже в октябре 2016'),(312,'2016-11-24',NULL,'Письмо','Минэко','Д28и-2677','2016-10-03','О разъяснениях, связанных с применением Федерального закона от 5 апреля 2013 г. N 44-ФЗ',NULL),(313,'2016-11-24',NULL,'Письмо','Минэко','Д28и-2992','2016-11-03','О разъяснениях, связанных с применением Федерального закона от 5 апреля 2013 г. N 44-ФЗ',NULL),(314,'2016-11-24',NULL,'Письмо','Минэко','Д28и-2701','2016-10-04','О разъяснениях, связанных с применением Федерального закона от 5 апреля 2013 г. N 44-ФЗ',NULL),(315,'2016-11-24',NULL,'Письмо','Минэко','Д28и-2704','2016-10-04','О разъяснениях, связанных с применением Федерального закона от 5 апреля 2013 г. N 44-ФЗ',NULL),(316,'2016-11-24',NULL,'Письмо','Минэко','Д28и-2705','2016-10-04','О разъяснениях, связанных с применением Федерального закона от 5 апреля 2013 г. N 44-ФЗ',NULL),(317,'2016-11-24',NULL,'Письмо','Минэко','Д28и-2716','2016-10-05','О разъяснениях, связанных с применением Федерального закона от 5 апреля 2013 г. N 44-ФЗ',NULL),(318,'2016-11-24',NULL,'Письмо','Минэко','Д28и-2721','2016-10-05','О разъяснениях, связанных с применением Федерального закона от 5 апреля 2013 г. N 44-ФЗ',NULL),(319,'2016-11-24',NULL,'Письмо','Минэко','Д28и-2962','2016-11-09','О разъяснениях, связанных с применением Федерального закона от 5 апреля 2013 г. N 44-ФЗ','В запросе котировок за ИНН отклоняем обязательно'),(320,'2016-11-24',NULL,'Письмо','Минэко','Д28и-2971','2016-11-10','О разъяснениях, связанных с применением Федерального закона от 5 апреля 2013 г. N 44-ФЗ',NULL),(321,'2016-11-24',NULL,'Письмо','Минэко','Д28и-2969','2016-11-11','О разъяснениях, связанных с применением Федерального закона от 5 апреля 2013 г. N 44-ФЗ',NULL),(322,'2016-11-24',NULL,'Письмо','Минэко','Д28и-2763','2016-10-13','О разъяснениях, связанных с применением Федерального закона от 5 апреля 2013 г. N 44-ФЗ',NULL),(323,'2016-11-24',NULL,'Письмо','Минэко','Д28и-2694','2016-10-14','О разъяснениях, связанных с применением Федерального закона от 5 апреля 2013 г. N 44-ФЗ',NULL),(324,'2016-11-24',NULL,'Письмо','Минэко','Д28и-2695','2016-10-14','О разъяснениях, связанных с применением Федерального закона от 5 апреля 2013 г. N 44-ФЗ',NULL),(325,'2016-11-24',NULL,'Письмо','Минэко','Д28и-2696','2016-10-14','О разъяснениях, связанных с применением Федерального закона от 5 апреля 2013 г. N 44-ФЗ',NULL),(326,'2016-11-24',NULL,'Письмо','Минэко','Д28и-2697','2016-10-14','О разъяснениях, связанных с применением Федерального закона от 5 апреля 2013 г. N 44-ФЗ',NULL),(327,'2016-11-24',NULL,'Письмо','Минэко','Д28и-2698','2016-10-14','О разъяснениях, связанных с применением Федерального закона от 5 апреля 2013 г. N 44-ФЗ',NULL),(328,'2016-11-24',NULL,'Письмо','Минэко','Д28и-2699','2016-10-14','О разъяснениях, связанных с применением Федерального закона от 5 апреля 2013 г. N 44-ФЗ',NULL),(329,'2016-11-24',NULL,'Письмо','Минэко','Д28и-2703','2016-10-14','О разъяснениях, связанных с применением Федерального закона от 5 апреля 2013 г. N 44-ФЗ',NULL),(330,'2016-11-24',NULL,'Письмо','Минэко','Д28и-2995','2016-11-14','О разъяснениях, связанных с применением Федерального закона от 5 апреля 2013 г. N 44-ФЗ',NULL),(331,'2016-11-24',NULL,'Письмо','Минэко','Д28и-2993','2016-11-16','О разъяснениях, связанных с применением Федерального закона от 5 апреля 2013 г. N 44-ФЗ',NULL),(332,'2016-11-24',NULL,'Письмо','Минэко','Д28и-2994','2016-11-16','О разъяснениях, связанных с применением Федерального закона от 5 апреля 2013 г. N 44-ФЗ',NULL),(333,'2016-11-24',NULL,'Письмо','Минэко','Д28и-2746','2016-10-20','О разъяснениях, связанных с применением Федерального закона от 5 апреля 2013 г. N 44-ФЗ',NULL),(334,'2016-11-24','105','Информация','ФАС','б/н','2014-04-10','Требования к содержанию и срокам подачи жалобы о нарушении законодательства рф о контрактной системе в сфере закупок','Сордержание и порядок подачи жалобы'),(335,'2016-11-25','33','Письмо','Минэко','Д28и-2640','2016-09-30','О разъяснениях, связанных с применением Федерального закона от 5 апреля 2013 г. N 44-ФЗ','В описании объекта закупки при ссылке на ГОСТ можно не устанавливать характиристики из него.'),(336,'2016-11-30','112','Письмо','Минэко','Д28и-2748','2016-10-10','О разъяснениях, связанных с применением Федерального закона от 5 апреля 2013 г. N 44-ФЗ','Контракты унитарных предприятий заключенные по 223-ФЗ в 2016 году будут действовать и в 2017 году'),(337,'2016-12-02',NULL,'Письмо','Минэко','Д28и-2872','2016-11-01','О разъяснениях, связанных с применением Федерального закона от 5 апреля 2013 г. N 44-ФЗ',NULL),(338,'2016-12-02',NULL,'Письмо','Минэко','Д28и-2927','2016-11-02','О разъяснениях, связанных с применением Федерального закона от 5 апреля 2013 г. N 44-ФЗ',NULL),(339,'2016-12-02',NULL,'Письмо','Минэко','Д28и-2967','2016-11-02','О разъяснениях, связанных с применением Федерального закона от 5 апреля 2013 г. N 44-ФЗ',NULL),(340,'2016-12-02',NULL,'Письмо','Минэко','Д28и-2916','2016-11-03','О разъяснениях, связанных с применением Федерального закона от 5 апреля 2013 г. N 44-ФЗ',NULL),(341,'2016-12-02',NULL,'Письмо','Минэко','Д28и-2933','2016-11-03','О разъяснениях, связанных с применением Федерального закона от 5 апреля 2013 г. N 44-ФЗ',NULL),(342,'2016-12-02',NULL,'Письмо','Минэко','Д28и-2722','2016-10-05','О разъяснениях, связанных с применением Федерального закона от 5 апреля 2013 г. N 44-ФЗ',NULL),(343,'2016-12-02',NULL,'Письмо','Минэко','Д28и-2937','2016-11-08','О разъяснениях, связанных с применением Федерального закона от 5 апреля 2013 г. N 44-ФЗ',NULL),(344,'2016-12-02',NULL,'Письмо','Минэко','Д28и-2824','2016-09-09','О разъяснениях, связанных с применением Федерального закона от 5 апреля 2013 г. N 44-ФЗ',NULL),(345,'2016-12-02',NULL,'Письмо','Минэко','Д28и-2956','2016-11-09','О разъяснениях, связанных с применением Федерального закона от 5 апреля 2013 г. N 44-ФЗ',NULL),(346,'2016-12-02',NULL,'Письмо','Минэко','Д28и-2741','2016-10-10','О разъяснениях, связанных с применением Федерального закона от 5 апреля 2013 г. N 44-ФЗ',NULL),(347,'2016-12-02',NULL,'Письмо','Минэко','Д28и-2955','2016-11-10','О разъяснениях, связанных с применением Федерального закона от 5 апреля 2013 г. N 44-ФЗ',NULL),(348,'2016-12-02',NULL,'Письмо','Минэко','Д28и-3121','2016-11-10','О разъяснениях, связанных с применением Федерального закона от 5 апреля 2013 г. N 44-ФЗ',NULL),(349,'2016-12-02',NULL,'Письмо','Минэко','Д28и-2762','2016-10-13','О разъяснениях, связанных с применением Федерального закона от 5 апреля 2013 г. N 44-ФЗ',NULL),(350,'2016-12-02',NULL,'Письмо','Минэко','Д28и-2764','2016-10-13','О разъяснениях, связанных с применением Федерального закона от 5 апреля 2013 г. N 44-ФЗ',NULL),(351,'2016-12-02',NULL,'Письмо','Минэко','Д28и-2767','2016-10-13','О разъяснениях, связанных с применением Федерального закона от 5 апреля 2013 г. N 44-ФЗ',NULL),(352,'2016-12-02',NULL,'Письмо','Минэко','Д28и-2768','2016-10-13','О разъяснениях, связанных с применением Федерального закона от 5 апреля 2013 г. N 44-ФЗ',NULL),(353,'2016-12-02',NULL,'Письмо','Минэко','Д28и-2775','2016-10-13','О разъяснениях, связанных с применением Федерального закона от 5 апреля 2013 г. N 44-ФЗ',NULL),(354,'2016-12-02',NULL,'Письмо','Минэко','Д28и-2776','2016-10-13','О разъяснениях, связанных с применением Федерального закона от 5 апреля 2013 г. N 44-ФЗ',NULL),(355,'2016-12-02',NULL,'Письмо','Минэко','Д28и-2778','2016-10-13','О разъяснениях, связанных с применением Федерального закона от 5 апреля 2013 г. N 44-ФЗ',NULL),(356,'2016-12-02',NULL,'Письмо','Минэко','Д28и-2800','2016-10-13','О разъяснениях, связанных с применением Федерального закона от 5 апреля 2013 г. N 44-ФЗ',NULL),(357,'2016-12-02',NULL,'Письмо','Минэко','Д28и-2787','2016-10-14','О разъяснениях, связанных с применением Федерального закона от 5 апреля 2013 г. N 44-ФЗ',NULL),(358,'2016-12-02',NULL,'Письмо','Минэко','Д28и-2793','2016-10-14','О разъяснениях, связанных с применением Федерального закона от 5 апреля 2013 г. N 44-ФЗ',NULL),(359,'2016-12-02',NULL,'Письмо','Минэко','Д28и-2801','2016-10-14','О разъяснениях, связанных с применением Федерального закона от 5 апреля 2013 г. N 44-ФЗ',NULL),(360,'2016-12-02',NULL,'Письмо','Минэко','Д28и-2816','2016-10-14','О разъяснениях, связанных с применением Федерального закона от 5 апреля 2013 г. N 44-ФЗ',NULL),(361,'2016-12-02',NULL,'Письмо','Минэко','Д28и-2817','2016-10-14','О разъяснениях, связанных с применением Федерального закона от 5 апреля 2013 г. N 44-ФЗ',NULL),(362,'2016-12-02',NULL,'Письмо','Минэко','Д28и-2989','2016-11-14','О разъяснениях, связанных с применением Федерального закона от 5 апреля 2013 г. N 44-ФЗ',NULL),(363,'2016-12-02',NULL,'Письмо','Минэко','Д28и-2852','2016-10-15','О разъяснениях, связанных с применением Федерального закона от 5 апреля 2013 г. N 44-ФЗ',NULL),(364,'2016-12-02',NULL,'Письмо','Минэко','Д28и-2990','2016-11-16','О разъяснениях, связанных с применением Федерального закона от 5 апреля 2013 г. N 44-ФЗ',NULL),(365,'2016-12-02',NULL,'Письмо','Минэко','Д28и-2991','2016-11-16','О разъяснениях, связанных с применением Федерального закона от 5 апреля 2013 г. N 44-ФЗ',NULL),(366,'2016-12-02',NULL,'Письмо','Минэко','Д28и-2871','2016-08-17','О разъяснениях, связанных с применением Федерального закона от 5 апреля 2013 г. N 44-ФЗ',NULL),(367,'2016-12-02',NULL,'Письмо','Минэко','Д28и-2840','2016-10-17','О разъяснениях, связанных с применением Федерального закона от 5 апреля 2013 г. N 44-ФЗ',NULL),(368,'2016-12-02',NULL,'Письмо','Минэко','Д28и-2760','2016-10-19','О разъяснениях, связанных с применением Федерального закона от 5 апреля 2013 г. N 44-ФЗ',NULL),(369,'2016-12-02',NULL,'Письмо','Минэко','Д28и-2786','2016-10-19','О разъяснениях, связанных с применением Федерального закона от 5 апреля 2013 г. N 44-ФЗ',NULL),(370,'2016-12-02',NULL,'Письмо','Минэко','Д28и-2874','2016-10-19','О разъяснениях, связанных с применением Федерального закона от 5 апреля 2013 г. N 44-ФЗ',NULL),(371,'2016-12-02',NULL,'Письмо','Минэко','Д28и-2814','2016-10-20','О разъяснениях, связанных с применением Федерального закона от 5 апреля 2013 г. N 44-ФЗ',NULL),(372,'2016-12-02',NULL,'Письмо','Минэко','Д28и-2761','2016-10-21','О разъяснениях, связанных с применением Федерального закона от 5 апреля 2013 г. N 44-ФЗ',NULL),(373,'2016-12-02',NULL,'Письмо','Минэко','Д28и-2766','2016-10-21','О разъяснениях, связанных с применением Федерального закона от 5 апреля 2013 г. N 44-ФЗ',NULL),(374,'2016-12-02',NULL,'Письмо','Минэко','Д28и-2772','2016-10-21','О разъяснениях, связанных с применением Федерального закона от 5 апреля 2013 г. N 44-ФЗ',NULL),(375,'2016-12-02',NULL,'Письмо','Минэко','Д28и-2799','2016-10-21','О разъяснениях, связанных с применением Федерального закона от 5 апреля 2013 г. N 44-ФЗ',NULL),(376,'2016-12-02',NULL,'Письмо','Минэко','Д28и-2803','2016-10-21','О разъяснениях, связанных с применением Федерального закона от 5 апреля 2013 г. N 44-ФЗ',NULL),(377,'2016-12-02',NULL,'Письмо','Минэко','Д28и-2806','2016-10-21','О разъяснениях, связанных с применением Федерального закона от 5 апреля 2013 г. N 44-ФЗ',NULL),(378,'2016-12-02',NULL,'Письмо','Минэко','Д28и-2839','2016-10-21','О разъяснениях, связанных с применением Федерального закона от 5 апреля 2013 г. N 44-ФЗ',NULL),(379,'2016-12-02',NULL,'Письмо','Минэко','Д28и-2844','2016-10-21','О разъяснениях, связанных с применением Федерального закона от 5 апреля 2013 г. N 44-ФЗ',NULL),(380,'2016-12-02',NULL,'Письмо','Минэко','Д28и-2846','2016-10-21','О разъяснениях, связанных с применением Федерального закона от 5 апреля 2013 г. N 44-ФЗ',NULL),(381,'2016-12-02',NULL,'Письмо','Минэко','Д28и-2858','2016-10-21','О разъяснениях, связанных с применением Федерального закона от 5 апреля 2013 г. N 44-ФЗ',NULL),(382,'2016-12-02',NULL,'Письмо','Минэко','Д28и-2798','2016-10-24','О разъяснениях, связанных с применением Федерального закона от 5 апреля 2013 г. N 44-ФЗ',NULL),(383,'2016-12-02',NULL,'Письмо','Минэко','Д28и-2757','2016-10-25','О разъяснениях, связанных с применением Федерального закона от 5 апреля 2013 г. N 44-ФЗ',NULL),(384,'2016-12-02','95','Письмо','Минэко','Д28и-2759','2016-10-25','О разъяснениях, связанных с применением Федерального закона от 5 апреля 2013 г. N 44-ФЗ','Можно менять контракт на 10% в том числе если несколько позиций в контракте'),(385,'2016-12-02',NULL,'Письмо','Минэко','Д28и-2765','2016-10-25','О разъяснениях, связанных с применением Федерального закона от 5 апреля 2013 г. N 44-ФЗ',NULL),(386,'2016-12-02',NULL,'Письмо','Минэко','Д28и-2789','2016-10-25','О разъяснениях, связанных с применением Федерального закона от 5 апреля 2013 г. N 44-ФЗ',NULL),(387,'2016-12-02',NULL,'Письмо','Минэко','Д28и-2820','2016-10-25','О разъяснениях, связанных с применением Федерального закона от 5 апреля 2013 г. N 44-ФЗ',NULL),(388,'2016-12-02',NULL,'Письмо','Минэко','Д28и-2926','2016-10-25','О разъяснениях, связанных с применением Федерального закона от 5 апреля 2013 г. N 44-ФЗ',NULL),(389,'2016-12-02',NULL,'Письмо','Минэко','Д28и-2928','2016-10-25','О разъяснениях, связанных с применением Федерального закона от 5 апреля 2013 г. N 44-ФЗ',NULL),(390,'2016-12-02',NULL,'Письмо','Минэко','Д28и-2791','2016-10-26','О разъяснениях, связанных с применением Федерального закона от 5 апреля 2013 г. N 44-ФЗ',NULL),(391,'2016-12-02',NULL,'Письмо','Минэко','Д28и-2797','2016-10-26','О разъяснениях, связанных с применением Федерального закона от 5 апреля 2013 г. N 44-ФЗ',NULL),(392,'2016-12-02',NULL,'Письмо','Минэко','Д28и-2819','2016-10-26','О разъяснениях, связанных с применением Федерального закона от 5 апреля 2013 г. N 44-ФЗ',NULL),(393,'2016-12-02',NULL,'Письмо','Минэко','Д28и-2864','2016-10-26','О разъяснениях, связанных с применением Федерального закона от 5 апреля 2013 г. N 44-ФЗ',NULL),(394,'2016-12-02',NULL,'Письмо','Минэко','Д28и-2943','2016-10-26','О разъяснениях, связанных с применением Федерального закона от 5 апреля 2013 г. N 44-ФЗ',NULL),(395,'2016-12-02',NULL,'Письмо','Минэко','Д28и-2944','2016-10-26','О разъяснениях, связанных с применением Федерального закона от 5 апреля 2013 г. N 44-ФЗ',NULL),(396,'2016-12-02',NULL,'Письмо','Минэко','Д28и-2805','2016-10-27','О разъяснениях, связанных с применением Федерального закона от 5 апреля 2013 г. N 44-ФЗ',NULL),(397,'2016-12-02',NULL,'Письмо','Минэко','Д28и-2808','2016-10-27','О разъяснениях, связанных с применением Федерального закона от 5 апреля 2013 г. N 44-ФЗ',NULL),(398,'2016-12-02',NULL,'Письмо','Минэко','Д28и-2813','2016-10-27','О разъяснениях, связанных с применением Федерального закона от 5 апреля 2013 г. N 44-ФЗ',NULL),(399,'2016-12-02',NULL,'Письмо','Минэко','Д28и-2815','2016-10-27','О разъяснениях, связанных с применением Федерального закона от 5 апреля 2013 г. N 44-ФЗ',NULL),(400,'2016-12-02',NULL,'Письмо','Минэко','Д28и-2827','2016-10-27','О разъяснениях, связанных с применением Федерального закона от 5 апреля 2013 г. N 44-ФЗ',NULL),(401,'2016-12-02',NULL,'Письмо','Минэко','Д28и-2841','2016-10-27','О разъяснениях, связанных с применением Федерального закона от 5 апреля 2013 г. N 44-ФЗ',NULL),(402,'2016-12-02',NULL,'Письмо','Минэко','Д28и-2845','2016-10-27','О разъяснениях, связанных с применением Федерального закона от 5 апреля 2013 г. N 44-ФЗ',NULL),(403,'2016-12-02',NULL,'Письмо','Минэко','Д28и-2848','2016-10-27','О разъяснениях, связанных с применением Федерального закона от 5 апреля 2013 г. N 44-ФЗ',NULL),(404,'2016-12-02',NULL,'Письмо','Минэко','Д28и-2850','2016-10-27','О разъяснениях, связанных с применением Федерального закона от 5 апреля 2013 г. N 44-ФЗ',NULL),(405,'2016-12-02',NULL,'Письмо','Минэко','Д28и-2855','2016-10-27','О разъяснениях, связанных с применением Федерального закона от 5 апреля 2013 г. N 44-ФЗ','Лекарства. Можно требовать копию регистрационного удостоверения и отклонять за непредоставление.'),(406,'2016-12-02',NULL,'Письмо','Минэко','Д28и-2856','2016-10-27','О разъяснениях, связанных с применением Федерального закона от 5 апреля 2013 г. N 44-ФЗ',NULL),(407,'2016-12-02',NULL,'Письмо','Минэко','Д28и-2860','2016-10-27','О разъяснениях, связанных с применением Федерального закона от 5 апреля 2013 г. N 44-ФЗ',NULL),(408,'2016-12-02',NULL,'Письмо','Минэко','Д28и-2951','2016-10-27','О разъяснениях, связанных с применением Федерального закона от 5 апреля 2013 г. N 44-ФЗ',NULL),(409,'2016-12-02',NULL,'Письмо','Минэко','Д28и-2831','2016-10-28','О разъяснениях, связанных с применением Федерального закона от 5 апреля 2013 г. N 44-ФЗ',NULL),(410,'2016-12-02',NULL,'Письмо','Минэко','Д28и-2843','2016-10-28','О разъяснениях, связанных с применением Федерального закона от 5 апреля 2013 г. N 44-ФЗ',NULL),(411,'2016-12-02',NULL,'Письмо','Минэко','Д28и-2863','2016-10-28','О разъяснениях, связанных с применением Федерального закона от 5 апреля 2013 г. N 44-ФЗ',NULL),(412,'2016-12-02',NULL,'Письмо','Минэко','Д28и-2832','2016-10-31','О разъяснениях, связанных с применением Федерального закона от 5 апреля 2013 г. N 44-ФЗ',NULL),(413,'2016-12-02',NULL,'Письмо','Казначейство','07-04-05/15-856','2016-11-08','О разъяснениях, связанных с применением Федерального закона от 5 апреля 2013 г. N 44-ФЗ',NULL),(414,'2016-12-02',NULL,'Письмо','Казначейство','04-05/13-753','2016-10-04','О разъяснениях, связанных с применением Федерального закона от 5 апреля 2013 г. N 44-ФЗ',NULL),(415,'2016-12-02',NULL,'Письмо','Казначейство','07-04-05/12-757','2016-10-04','О разъяснениях, связанных с применением Федерального закона от 5 апреля 2013 г. N 44-ФЗ',NULL),(416,'2016-12-10','22','Учебное пособие','ФКУ ДПО Кировский ИПКР ФСИН России','б/н','2016-01-01','Определение и обоснование начальной (максимальной) цены контракта, цены контракта, заключаемого с единственным поставщиком (подрядчиком, исполнителем) государственным заказчиком','Методика обоснования НМЦК'),(417,'2016-12-10','31','Письмо','Минэко, ФАС','23275-ЕЕ/Д28и, АЦ/45739/15','2015-08-28','О позиции Минэкономразвития России и ФАС России по вопросу о применении постановления Правительства Российской Федерации от 4 февраля 2015 г. N 99 \"Об установлении дополнительных требований к участникам закупки отдельных видов товаров, работ, услуг, случаев отнесения товаров, работ, услуг к товарам, работам, услугам, которые по причине их технической и (или) технологической сложности, инновационного, высокотехнологичного или специализированного характера способны поставить, выполнить, оказать только поставщики (подрядчики, исполнители), имеющие необходимый уровень квалификации, а также документов, подтверждающих соответствие участников закупки указанным дополнительным требованиям','Применение ППРФ № 99, применение дополнительных требований'),(418,'2017-01-24',NULL,'Письмо','Минэко, Минпромторг, Минздрав, ФАС','6723-ЕЕ/Д28и, ЦС-14384/19, 25-0/10/2-1416, АЦ/15615/16','2016-03-14','О позиции Минэкономразвития России, Минпромторга России, Минздрава России и ФАС России по вопросу применения положений постановления Правительства Российской Федерации от 30 ноября 2015 г. N 1289 \"Об ограничениях и условиях допуска происходящих из иностранных государств лекарственных препаратов, включенных в перечень жизненно необходимых и важнейших лекарственных препаратов, для целей осуществления закупок для обеспечения государственных и муниципальных нужд','Применение ППРФ 1289 по лекарствам, третий лишний'),(421,'2017-01-24',NULL,'Письмо','Минэко','Д28и-3102','2016-11-23','О разъяснениях, связанных с применением Федерального закона от 5 апреля 2013 г. N 44-ФЗ',NULL),(422,'2017-01-24',NULL,'Письмо','Минэко','Д28и-3256','2016-11-29','О разъяснениях, связанных с применением Федерального закона от 5 апреля 2013 г. N 44-ФЗ','Одна строка Плана закупок может быть разбита на две строки плана графика. 2. Экономия добаляется отдельной строкой, НМЦК других строк не меняется.'),(423,'2017-01-24',NULL,'Письмо','ФАС','ИА/77244/16','2016-11-09','По вопросу о заключении государственных контрактов на охрану зданий с ФГУП \"Охрана\"','В каком случае можно закупать охрану объектов по п. 6. ч. 1 ст. 93'),(424,'2017-01-25','95','Письмо','Минэко','Д28и-2476','2016-09-21','О разъяснениях, связанных с применением Федерального закона от 5 апреля 2013 г. N 44-ФЗ','Можно менять контракт на 10% в том числе если несколько позиций в контракте'),(425,'2017-01-25',NULL,'Письмо','Минэко','Д28и-2621','2016-10-10','О разъяснениях, связанных с применением Федерального закона от 5 апреля 2013 г. N 44-ФЗ','Контракты на коммунальные услуги может заключаться в пределах доведённых лимитов по цен единицы услуги с оплатой по фактическому потребелению.'),(426,'2017-01-25',NULL,'Письмо','ФАС','ИА/44536/16','2016-07-01','О разъяснениях, связанных с применением Федерального закона от 5 апреля 2013 г. N 44-ФЗ','Правила: 1. Инструкция по заполнению. 2. Искажение ГОСТов. 3. Хим состав.'),(427,'2017-01-30',NULL,'Письмо','Росстандарт','б\\н','2017-01-25','Позиция Росстандарта по вопросу использования документов, разрабатываемых и применяемых в национальной системе стандартизации, при применении положений федеральных законов от 18 июля 2011 г. N 223-ФЗ \"О закупках товаров, работ, услуг отдельными видами юридических лиц\" и от 5 апреля 2013 г. N 44-ФЗ \"О контрактной системе в сфере закупок товаров, работ, услуг для обеспечения государственных и муниципальных нужд','Что такое стандраты, какие бывают, и где их скачивать'),(428,'2017-01-30','64','Письмо','ФАС','АЦ/26362/14','2014-07-01','О разъяснении Федерального закона от 05.04.2013 №44-ФЗ \"О контрактной системе в сфере закупок товаров, работ, услуг для обеспечения государственных и муниципальных нужд\"','Инструкция по заполнению заявки. Требования ФАС'),(429,'2017-01-31',NULL,'Письмо','Минэко','Д28и-3426','2016-12-12','О разъяснениях, связанных с применением Федерального закона от 5 апреля 2013 г. N 44-ФЗ',NULL),(430,'2017-01-31',NULL,'Письмо','Минэко','Д28и-3494','2016-12-16','О разъяснениях, связанных с применением Федерального закона от 5 апреля 2013 г. N 44-ФЗ',NULL),(431,'2017-01-31',NULL,'Письмо','Минэко','Д28и-3496','2016-12-16','О разъяснениях, связанных с применением Федерального закона от 5 апреля 2013 г. N 44-ФЗ',NULL),(432,'2017-01-31',NULL,'Письмо','Минэко','Д28и-3497','2016-12-16','О разъяснениях, связанных с применением Федерального закона от 5 апреля 2013 г. N 44-ФЗ',NULL),(433,'2017-01-31',NULL,'Письмо','Минэко','Д28и-3502','2016-12-16','О разъяснениях, связанных с применением Федерального закона от 5 апреля 2013 г. N 44-ФЗ',NULL),(434,'2017-01-31',NULL,'Письмо','Минэко','Д28и-3511','2016-12-16','О разъяснениях, связанных с применением Федерального закона от 5 апреля 2013 г. N 44-ФЗ',NULL),(435,'2017-01-31',NULL,'Письмо','Минэко','Д28и-3512','2016-12-16','О разъяснениях, связанных с применением Федерального закона от 5 апреля 2013 г. N 44-ФЗ',NULL),(436,'2017-01-31',NULL,'Письмо','Минэко','Д28и-3514','2016-12-16','О разъяснениях, связанных с применением Федерального закона от 5 апреля 2013 г. N 44-ФЗ',NULL),(437,'2017-01-31',NULL,'Письмо','Минэко','Д28и-3515','2016-12-16','О разъяснениях, связанных с применением Федерального закона от 5 апреля 2013 г. N 44-ФЗ',NULL),(438,'2017-01-31',NULL,'Письмо','Минэко','Д28и-3517','2016-12-16','О разъяснениях, связанных с применением Федерального закона от 5 апреля 2013 г. N 44-ФЗ',NULL),(440,'2017-01-31',NULL,'Письмо','Минэко','Д28и-3519','2016-12-16','О разъяснениях, связанных с применением Федерального закона от 5 апреля 2013 г. N 44-ФЗ',NULL),(441,'2017-01-31',NULL,'Письмо','Минэко','Д28и-3520','2016-12-16','О разъяснениях, связанных с применением Федерального закона от 5 апреля 2013 г. N 44-ФЗ',NULL),(442,'2017-01-31',NULL,'Письмо','Минэко','Д28и-3501','2016-12-21','О разъяснениях, связанных с применением Федерального закона от 5 апреля 2013 г. N 44-ФЗ',NULL),(443,'2017-01-31',NULL,'Письмо','Минэко','Д28и-3504','2016-12-21','О разъяснениях, связанных с применением Федерального закона от 5 апреля 2013 г. N 44-ФЗ',NULL),(444,'2017-01-31',NULL,'Письмо','Минэко','Д28и-3505','2016-12-22','О разъяснениях, связанных с применением Федерального закона от 5 апреля 2013 г. N 44-ФЗ',NULL),(445,'2017-01-31',NULL,'Письмо','Минэко','Д28и-3508','2016-12-22','О разъяснениях, связанных с применением Федерального закона от 5 апреля 2013 г. N 44-ФЗ',NULL),(446,'2017-01-31',NULL,'Письмо','Минэко','Д28и-3507','2016-12-23','О разъяснениях, связанных с применением Федерального закона от 5 апреля 2013 г. N 44-ФЗ',NULL),(447,'2017-01-31',NULL,'Письмо','Минэко','Д28и-3500','2016-12-28','О разъяснениях, связанных с применением Федерального закона от 5 апреля 2013 г. N 44-ФЗ',NULL),(448,'2017-01-31',NULL,'Письмо','Минэко','Д28и-3521','2016-12-28','О разъяснениях, связанных с применением Федерального закона от 5 апреля 2013 г. N 44-ФЗ',NULL),(449,'2017-01-31',NULL,'Письмо','Минэко','Д28и-3493','2016-12-29','О разъяснениях, связанных с применением Федерального закона от 5 апреля 2013 г. N 44-ФЗ',NULL),(450,'2017-01-31',NULL,'Письмо','Минэко','Д28и-3499','2016-12-29','О разъяснениях, связанных с применением Федерального закона от 5 апреля 2013 г. N 44-ФЗ',NULL),(452,'2017-01-31',NULL,'Письмо','Минэко','Д28и-3473','2016-12-16','О разъяснениях, связанных с применением Федерального закона от 5 апреля 2013 г. N 44-ФЗ',NULL),(453,'2017-01-31',NULL,'Письмо','Минэко','Д28и-3475','2016-12-16','О разъяснениях, связанных с применением Федерального закона от 5 апреля 2013 г. N 44-ФЗ',NULL),(454,'2017-01-31',NULL,'Письмо','Минэко','Д28и-3478','2016-12-16','О разъяснениях, связанных с применением Федерального закона от 5 апреля 2013 г. N 44-ФЗ',NULL),(455,'2017-01-31',NULL,'Письмо','Минэко','Д28и-3484','2016-12-16','О разъяснениях, связанных с применением Федерального закона от 5 апреля 2013 г. N 44-ФЗ',NULL),(456,'2017-01-31',NULL,'Письмо','Минэко','Д28и-3486','2016-12-16','О разъяснениях, связанных с применением Федерального закона от 5 апреля 2013 г. N 44-ФЗ',NULL),(457,'2017-01-31',NULL,'Письмо','Минэко','Д28и-3503','2016-12-16','О разъяснениях, связанных с применением Федерального закона от 5 апреля 2013 г. N 44-ФЗ',NULL),(458,'2017-01-31',NULL,'Письмо','Минэко','Д28и-3472','2016-12-27','О разъяснениях, связанных с применением Федерального закона от 5 апреля 2013 г. N 44-ФЗ',NULL),(459,'2017-01-31',NULL,'Письмо','Минэко','Д28и-3483','2016-12-27','О разъяснениях, связанных с применением Федерального закона от 5 апреля 2013 г. N 44-ФЗ',NULL),(460,'2017-01-31',NULL,'Письмо','Минэко','Д28и-3495','2016-12-29','О разъяснениях, связанных с применением Федерального закона от 5 апреля 2013 г. N 44-ФЗ',NULL),(461,'2017-01-31',NULL,'Письмо','Минэко','Д28и-3509','2016-12-29','О разъяснениях, связанных с применением Федерального закона от 5 апреля 2013 г. N 44-ФЗ',NULL),(462,'2017-01-31',NULL,'Письмо','Минэко','Д28и-3561','2016-12-30','О предоставлении разъяснений отбора аудиторской организации','Обязательный аудит, кому необходимо проводить его по 44-ФЗ'),(463,'2017-01-31',NULL,'Письмо','Минэко','36144-АВ-Д03и','2016-11-25','О разъяснениях, связанных с применением Федерального закона от 5 апреля 2013 г. N 44-ФЗ',NULL),(464,'2017-01-31',NULL,'Письмо','Минэко','Д28и-3238','2016-11-28','О рассмотрении обращения','Правила формирования лотов'),(465,'2017-01-31',NULL,'Письмо','Минэко','Д28и-3186','2016-12-06','О разъяснениях, связанных с применением Федерального закона от 5 апреля 2013 г. N 44-ФЗ',NULL),(466,'2017-01-31',NULL,'Письмо','Минэко','Д28и-3257','2016-12-01','О разъяснениях, связанных с применением Федерального закона от 5 апреля 2013 г. N 44-ФЗ',NULL),(467,'2017-01-31',NULL,'Письмо','Минэко','Д28и-3258','2016-12-12','О разъяснениях, связанных с применением Федерального закона от 5 апреля 2013 г. N 44-ФЗ','Индекс дефлятор'),(468,'2017-01-31',NULL,'Письмо','Минэко','Д28и-3254','2016-12-13','О разъяснениях, связанных с применением Федерального закона от 5 апреля 2013 г. N 44-ФЗ',NULL),(469,'2017-01-31',NULL,'Письмо','Минэко','Д28и-3341','2016-12-06','О разъяснениях, связанных с применением Федерального закона от 5 апреля 2013 г. N 44-ФЗ',NULL),(470,'2017-01-31',NULL,'Письмо','Минэко','Д28и-3180','2016-11-21','О разъяснениях, связанных с применением Федерального закона от 5 апреля 2013 г. N 44-ФЗ','Филиал'),(471,'2017-01-31',NULL,'Письмо','Минэко','Д28и-3251','2016-11-29','О разъяснениях, связанных с применением Федерального закона от 5 апреля 2013 г. N 44-ФЗ',NULL),(472,'2017-01-31',NULL,'Письмо','Минэко','Д28и-3259','2016-11-29','О разъяснениях, связанных с применением Федерального закона от 5 апреля 2013 г. N 44-ФЗ',NULL),(473,'2017-02-03','1','Письмо','Минэко','Д28и-2518','2015-08-18','О разъяснениях, связанных с применением Федерального закона от 5 апреля 2013 г. N 44-ФЗ','Договор мены не попадает под действие 44-ФЗ'),(474,'2017-02-14','1','Статья','ГАРАНТ','б/н','2016-12-22','Правомерно ли заключение договора мены части поставленных по контракту ГСМ? Должен ли договор мены заключаться в соответствии с положениями Федерального закона от 05.04.2013 N 44-ФЗ и Федерального закона от 18.07.2011 N 223-ФЗ?','Договор мены не попадает под действие 44-ФЗ'),(475,'2017-02-20','38','Письмо','Минтруд','14-0/10/В-2253','2016-04-04','Информация Министерства труда и социальной защиты РФ по вопросам применения профессиональных стандартов','Разъснение по применению профстандартов'),(476,'2017-02-27','3','Письмо','Минфина','02-01-07/37190','2014-07-29','О разъяснениях, связанных с применением Федерального закона от 5 апреля 2013 г. N 44-ФЗ','Бюджетные и автономные учреждения не являются участниками бюджетного процесса и у них нет гос и муп нужд.'),(477,'2017-02-27','1','Письмо','Минэко','Д28И-1889','2014-09-30','О направлении ответов на поступившие вопросы','Большое обзорное письмо 95 вопросов'),(478,'2017-02-27','33','Письмо','ФАС','ИА/81010/16','2016-11-23','О рассмотрении обращения','Взаимозаменяемость лекарственных средств'),(479,'2017-03-13','93','Письмо','Минэко','Д28и-1377','2015-05-15','О разъяснениях, связанных с применением Федерального закона от 5 апреля 2013 г. N 44-ФЗ',NULL),(480,'2017-03-14','93','Письмо','Минэко','Д28и-1377','2014-07-22','О разъяснениях, связанных с применением Федерального закона от 5 апреля 2013 г. N 44-ФЗ','п. 4 и п.5 можно одновременно.'),(481,'2017-03-22',NULL,'Письмо','Минэко','Д28и-31','2017-01-09','О разъяснениях, связанных с применением Федерального закона от 5 апреля 2013 г. N 44-ФЗ',NULL),(482,'2017-03-22',NULL,'Письмо','Минэко','Д28и-88','2017-01-10','О разъяснениях, связанных с применением Федерального закона от 5 апреля 2013 г. N 44-ФЗ',NULL),(483,'2017-03-22',NULL,'Письмо','Минэко','Д28и-3400','2016-12-12','О разъяснениях, связанных с применением Федерального закона от 5 апреля 2013 г. N 44-ФЗ','Если меняется цена контракта то пени и штрафы пересчитываются.'),(484,'2017-03-22',NULL,'Письмо','Минэко','Д28и-3423','2016-12-12','О разъяснениях, связанных с применением Федерального закона от 5 апреля 2013 г. N 44-ФЗ',NULL),(486,'2017-03-22',NULL,'Письмо','Минэко','Д28и-3518','2016-12-16','О разъяснениях, связанных с применением Федерального закона от 5 апреля 2013 г. N 44-ФЗ','Окончание срока подачи разъяснений выпадает на выходной то переносится на следующий за ним рабочий.'),(487,'2017-03-22',NULL,'Письмо','Минэко','Д28и-3541','2016-12-16','О разъяснениях, связанных с применением Федерального закона от 5 апреля 2013 г. N 44-ФЗ',NULL),(488,'2017-03-22',NULL,'Письмо','Минэко','Д28и-220','2017-01-19','О разъяснениях, связанных с применением Федерального закона от 5 апреля 2013 г. N 44-ФЗ',NULL),(489,'2017-03-22',NULL,'Письмо','Минэко','Д28и-3403','2016-12-21','О разъяснениях, связанных с применением Федерального закона от 5 апреля 2013 г. N 44-ФЗ',NULL),(490,'2017-03-22',NULL,'Письмо','Минэко','Д28и-3399','2016-12-23','О разъяснениях, связанных с применением Федерального закона от 5 апреля 2013 г. N 44-ФЗ',NULL),(491,'2017-03-22',NULL,'Письмо','Минэко','Д28и-3425','2016-12-23','О разъяснениях, связанных с применением Федерального закона от 5 апреля 2013 г. N 44-ФЗ',NULL),(492,'2017-03-22',NULL,'Письмо','Минэко','Д28и-3538','2016-12-16','О разъяснениях, связанных с применением Федерального закона от 5 апреля 2013 г. N 44-ФЗ',NULL),(493,'2017-03-22',NULL,'Письмо','Минэко','Д28и-222','2017-01-19','О разъяснениях, связанных с применением Федерального закона от 5 апреля 2013 г. N 44-ФЗ',NULL),(494,'2017-03-27',NULL,'Письмо','Казначейство','07-04-05/13-240','2017-03-21','О разъяснениях, связанных с применением Федерального закона от 5 апреля 2013 г. N 44-ФЗ','Контроль проходит в течение следующего рабочего дня, значит и размещение тоже. Поэтому если вы публикуете в последний день месяца, то вносите измненеия в ПГЗ'),(495,'2017-03-29',NULL,'Письмо','Минэко','Д28и-387','2017-01-31','О разъяснениях, связанных с применением Федерального закона от 5 апреля 2013 г. N 44-ФЗ','Контракт по п. 1 можно заключить и с организациями не из перечня монополистов.'),(496,'2017-04-04',NULL,'Письмо','Минфин, Минэко','09-05-07/1509,\r\n749-ЕЕ/Д28и','2017-01-17','О разъяснениях, связанных с применением Федерального закона от 5 апреля 2013 г. N 44-ФЗ','Когда филиал может размещать отедльный план закупок и план-график'),(497,'2017-04-04',NULL,'Письмо','Минфин, Минэко','09-04-04/1515, 751-ЕЕ/Д28и','2017-01-17','О разъяснениях, связанных с применением Федерального закона от 5 апреля 2013 г. N 44-ФЗ','Контроль гостайны (то что не размещается). Бумажный контороль'),(498,'2017-04-04',NULL,'Письмо','Минэко, ФАС','6598-ЕЕ/Д28и, РП/16119/17','2017-03-15','О совместной позиции Минэкономразвития России и ФАС России в отношении осуществления в соответствии с Федеральным законом от 5 апреля 2013 г. N 44-ФЗ \"О контрактной системе в сфере закупок товаров, работ, услуг для обеспечения государственных и муниципальных нужд\" закупок работ по сохранению объектов культурного наследия (памятников истории и культуры) народов Российской Федерации, реставрации музейных предметов и музейных коллекций, включенных в состав Музейного фонда Российской Федерации, документов Архивного фонда Российской Федерации, особо ценных и редких документов, входящих в состав библиотечных фондов, выполнения работ, оказания услуг, связанных с необходимостью допуска подрядчиков, исполнителей к учетным базам данных музеев, архивов, библиотек, к хранилищам (депозитариям) музея, к системам обеспечения безопасности музейных предметов и музейных коллекций, архивных документов, библиотечного фонда','Объекты культурного наследия можно провести аукционом с дополнительными требованиями или конкурсом с ограниченным участием. Просто конкурс нельзя.'),(500,'2017-04-04','99','Письмо','Казначейство','07-04-05/13-124','2017-02-06','Об осуществлении контроля ПГЗ и извещений','Если контроль не работает через ЕИС то предоставляйте документы на бумаге'),(501,'2017-04-04',NULL,'Письмо','Минэко','Д28и-561','2017-02-10','О разъяснении положений Федерального закона от 5 апреля 2013 г. N 44-ФЗ','В случае отсутствия лимитов бюджетных обязательств, доведенных до заказчика, планировать и осуществлять закупку нельзя.'),(502,'2017-04-04',NULL,'Письмо','Минэко','Д28и-125','2017-01-16','О разъяснениях, связанных с применением Федерального закона от 5 апреля 2013 г. N 44-ФЗ','В электронных аукционах не ставится дата заключения контракта'),(503,'2017-04-04',NULL,'Письмо','Минэко','Д28и-1425','2015-05-20','О разъяснениях, связанных с применением Федерального закона от 5 апреля 2013 г. N 44-ФЗ','Отчёт об СМП и СОНО считается по суммам к оплате.'),(504,'2017-04-04',NULL,'Письмо','Минэко','Д28и-334','2017-01-30','О разъяснениях, связанных с применением Федерального закона от 5 апреля 2013 г. N 44-ФЗ','Если какие-либо услуги не были предусмотрены извещением об осуществлении закупки, документацией о закупке, заявкой участника закупки, с которым заключается контракт, то они не включаются в контракт'),(505,'2017-04-04','93','Письмо','Минэко','36870-ЕЕ/Д28и','2016-12-01','О международных консультациях','п. 2 ст. 93. Перечень распоряжений Правительства РФ'),(506,'2017-04-04',NULL,'Письмо','Минэко','ОГ-Д28-1229','2017-02-06','О разъяснениях, связанных с применением Федерального закона от 5 апреля 2013 г. N 44-ФЗ','Учитывая изложенное, заказчик не вправе передавать полномочия по приемке товара и подписанию актов приемки третьим лицам - организациям по договору.'),(507,'2017-04-04',NULL,'Письмо','Минэко','28193-ЕЕ/Д28и','2016-09-19','О предложениях по установлению механизма офсетных сделок','п. 2 ст. 93 Заказчики не устанавливают втречные обязательства при заключении.'),(508,'2017-04-04',NULL,'Письмо','Минэко','Д28и-251','2016-01-28','О разъяснениях, связанных с применением Федерального закона от 5 апреля 2013 г. N 44-ФЗ','п. 2 ст. 93. Заказчик может а не обязан заключенить контракт с единственным по распоряжению.'),(509,'2017-04-04',NULL,'Письмо','Минэко','Д28и-385','2017-01-31','О разъяснениях, связанных с применением Федерального закона от 5 апреля 2013 г. N 44-ФЗ','Закупка не может быть спланирована и осуществлена в случае отсутствия лимитов бюджетных обязательств, доведенных до заказчика.'),(510,'2017-04-04',NULL,'Письмо','ФНС','АС-4-5/3049','2017-02-17','О разъяснениях, связанных с применением Федерального закона от 5 апреля 2013 г. N 44-ФЗ','Можно списывать неустойку из суммы оплаты по контракту.'),(511,'2017-04-05',NULL,'Письмо','Минэко','Д28и-3339','2016-12-06','О разъяснениях, связанных с применением Федерального закона от 5 апреля 2013 г. N 44-ФЗ','п. 23 ст. 93. Возмщение коммунальных затрат балансодержателю возможно по счёту.'),(512,'2017-04-05',NULL,'Письмо','Минэко','Д28и-3381','2016-12-09','О разъяснениях, связанных с применением Федерального закона от 5 апреля 2013 г. N 44-ФЗ','Согласие в заявке можно дать просто галочкой на площадке. Отдельного документа не нужно.'),(513,'2017-04-05',NULL,'Письмо','Минэко','ОГ-Д28-14786','2016-12-09','О разъяснениях, связанных с применением Федерального закона от 5 апреля 2013 г. N 44-ФЗ','Несколько или последовательные банковские гарантии нельзя.'),(514,'2017-04-05',NULL,'Письмо','Минэко','Д28и-2996','2016-11-10','О разъяснениях, связанных с применением Федерального закона от 5 апреля 2013 г. N 44-ФЗ','Контрактный управляющий только работник заказчика'),(516,'2017-04-05',NULL,'Письмо','Минэко','Д28и-167','2017-01-13','О разъяснениях, связанных с применением Федерального закона от 5 апреля 2013 г. N 44-ФЗ','Одностороннее расторжение возможно только при нарушении условий контракта.'),(517,'2017-04-05',NULL,'Письмо','Минэко','Д28и-3262','2016-12-13','О разъяснениях, связанных с применением Федерального закона от 5 апреля 2013 г. N 44-ФЗ','1. Антидемпинговые меры не применяются по закупкам с непределённым количеством товара.\r\n2. Закупка у ед. поставщика не является ограничением и обоснованию в извещении не подлежит.\r\n3. Отчёт об исполнении, этап это 2-ой документ, изменение и авансирование включается в тот этап в котором оно возникло.'),(519,'2017-04-05',NULL,'Письмо','Минэко','Д28и-130','2017-01-16','О разъяснениях, связанных с применением Федерального закона от 5 апреля 2013 г. N 44-ФЗ','Частичного расторжения контракта не существует.'),(521,'2017-04-05',NULL,'Письмо','Минэко','ОГ-Д28-14953','2016-12-23','О разъяснениях, связанных с применением Федерального закона от 5 апреля 2013 г. N 44-ФЗ','При подтвеждение исполненных контрактов учитывается правоприемственность в следствии реогранизации в формах слияния, присоединения, преобразования.'),(522,'2017-04-05',NULL,'Письмо','Минэко','Д28и-336','2017-01-27','О разъяснениях, связанных с применением Федерального закона от 5 апреля 2013 г. N 44-ФЗ','Участник может предоставить или СРО генподрядное или СРО на все виды работ. Сумма контракта должна превышать сумму указанную в СРО.'),(524,'2017-04-05',NULL,'Письмо','Минэко','Д28и-3532','2016-12-28','О разъяснениях, связанных с применением Федерального закона от 5 апреля 2013 г. N 44-ФЗ','Датой подачи заявки при её изменении будет считаться дата изменения заявки.'),(525,'2017-04-05',NULL,'Письмо','Минэко','ОГ-Д28-15148','2016-12-28','О разъяснениях, связанных с применением Федерального закона от 5 апреля 2013 г. N 44-ФЗ','Отклонить котировочную заявку нельзя если нет доверенности на подающего.'),(527,'2017-04-10','30','Письмо','Минэко','Д28и-629','2017-02-15','О разъяснениях, связанных с применением Федерального закона от 5 апреля 2013 г. N 44-ФЗ','СМП и СОНО, субподряд, можно указать любое значение больше 5-ти %.'),(528,'2017-04-10','95','Письмо','Минэко','Д28и-393','2017-12-31','О разъяснениях, связанных с применением Федерального закона от 5 апреля 2013 г. N 44-ФЗ','Источник финансирования - существенное условие контракта. При его снижении можно снижать цену контракта.'),(529,'2017-04-10','104','Письмо','ФАС','ИА/16790/17','2017-03-16','По вопросам о включении информации в реестр недобросовестных поставщиков','1. Если контракт расторгнут за недостоверные сведения, то поставщик в РНП не включается.\r\n2. Если контракт расторгнут по суду, то в мотивировочной части должно быть прописано нарушение существенных условий. При расторжении по соглавшению сторон в РНП не включаются.'),(530,'2017-04-11','93','Письмо','Минэко','Д28и-643','2017-02-21','О разъяснениях, связанных с применением Федерального закона от 5 апреля 2013 г. N 44-ФЗ','п. 4 ст. 93. С естествеными монополистом можно заключать по пп. 1, 8, и даже 4.'),(531,'2017-04-11','99','Письмо','Минфин\r\nКазначейство','09-05-07/14384,\r\n07-04-05/13-228','2017-03-14','О разъяснениях, связанных с применением Федерального закона от 5 апреля 2013 г. N 44-ФЗ','Порядок проведения финконтроля при ведении реестра контракта.'),(532,'2017-04-11',NULL,'Письмо','Казначейство','07-04-05/05-262','2017-03-27','Особенности казначейского сопровождения расчетов по государственным контрактам в рамках ГОЗ','Казначейское сопровождение при ГОЗ'),(533,'2017-04-11','22','Письмо','Минэко','Д28и-553','2017-02-01','О разъяснениях, связанных с применением Федерального закона от 5 апреля 2013 г. N 44-ФЗ','Предоставление кредита области или муниципалитету проводится по ППРФ 19 и отыгривается по общей цене контракта'),(534,'2017-04-11',NULL,'Письмо','Минэко','Д28и-620','2017-02-07','О разъяснениях, связанных с применением Федерального закона от 5 апреля 2013 г. N 44-ФЗ','п. 32 ст. 93 Аренду можно и бюджетному учреждению.'),(536,'2017-04-11',NULL,'Письмо','Минэко','Д28и-623','2017-02-14','О разъяснениях, связанных с применением Федерального закона от 5 апреля 2013 г. N 44-ФЗ','Договора водопользования не попадают под сферу контрактной системы'),(537,'2017-04-11',NULL,'Письмо','Минэко','Д28и-379','2016-02-16','О рассмотрении обращения','Хранение вещественных доказательств по уголовным делам включается в сферу контрактной системы.'),(538,'2017-04-11',NULL,'Письмо','Минэко','Д28и-685','2017-02-20','О разъяснениях, связанных с применением Федерального закона от 5 апреля 2013 г. N 44-ФЗ','Предельная цена закупки лекарственных средств при совместных закупках приравнивается к сумме НМЦК.'),(539,'2017-04-11',NULL,'Письмо','Минэко','Д28и-693','2017-02-20','О разъяснениях, связанных с применением Федерального закона от 5 апреля 2013 г. N 44-ФЗ','1. Если извещение в 2016 то и закупка в ПГ 2016.\r\n2. КС запрещает договора действующие до момента заключения.'),(540,'2017-04-11',NULL,'Письмо','Минэко','Д28и-698','2017-02-20','О разъяснениях, связанных с применением Федерального закона от 5 апреля 2013 г. N 44-ФЗ','Минэко - все наши письма носят рекомендательный характер.'),(541,'2017-04-11',NULL,'Письмо','Минэко','Д28и-339','2017-01-23','О разъяснениях, связанных с применением Федерального закона от 5 апреля 2013 г. N 44-ФЗ','Этапность при исполнии контракта для отчётности.'),(542,'2017-04-11',NULL,'Письмо','Минэко','Д28и-347','2017-01-27','О разъяснениях, связанных с применением Федерального закона от 5 апреля 2013 г. N 44-ФЗ','Какие документы нужно предоставить при стройке для подтверждения доп. Требований по ППРФ 99.'),(543,'2017-04-11',NULL,'Письмо','Минэко','Д28и-349','2017-01-27','О разъяснениях, связанных с применением Федерального закона от 5 апреля 2013 г. N 44-ФЗ','Из банковской гарантии неустойку удерживать нельзя.'),(545,'2017-04-11',NULL,'Письмо','Минэко','Д28и-346','2017-01-30','О разъяснениях, связанных с применением Федерального закона от 5 апреля 2013 г. N 44-ФЗ','по п.п. 4, 5 и т.д. ст. 93 которые не попадают в реестр контрактов одностороннее расторжение невозможно.'),(547,'2017-04-11','99','Письмо','Минэко','Д28и-378','2017-01-31','Обзор изменений, внесенных постановлением Правительства РФ от 25 января 2017 г. N 73 в постановление Правительства РФ от 21 ноября 2013 г. N 1043, постановления Правительства РФ от 5 июня 2015 г. N 552, N 553, N 554','Минэко объясняет полномочия ФАС РФ'),(548,'2017-04-11','16','Информация','Казначейство','б/н','2017-02-16','Обзор изменений, внесенных постановлением Правительства РФ от 25 января 2017 г. N 73 в постановление Правительства РФ от 21 ноября 2013 г. N 1043, постановления Правительства РФ от 5 июня 2015 г. N 552, N 553, N 554','Описание изменений внесённых в планирование.'),(549,'2017-04-11','4','Письмо','Казначейство','13-00-07/2','2017-01-16','О возможности размещения извещения о закупке при отсутствии плана-графика закупок','Есть заказчики, для которых ведение планирования не нужно, они имеют право размещать извещения без ПГ'),(550,'2017-04-11','99','Письмо','Казначейство','07-04-05/13-106','2017-01-31','Об информировании финансовых органов','Фин. органы имеют возможность осуществлять контроль или через ЕИС Электронный бюджет, либо как нибудь сами. При этом в ЕИС должны отключить свой контроль.'),(551,'2017-04-11',NULL,'Письмо','Минфин','02-05-10/77459','2016-12-23','О разъяснениях, связанных с применением Федерального закона от 5 апреля 2013 г. N 44-ФЗ','Аванс? Проводится по 244 статье КОСГУ'),(552,'2017-04-11','14','Письмо','Минэко','Д28и-303','2017-01-17','О разъяснениях, связанных с применением Федерального закона от 5 апреля 2013 г. N 44-ФЗ','ППРФ 968, при единственном не применяется.'),(553,'2017-04-11','95','Письмо','Минэко','Д28и-3329','2016-12-06','О разъяснениях, связанных с применением Федерального закона от 5 апреля 2013 г. N 44-ФЗ','Изменение банковских реквизитов - нужно допник. Перераспределить сумму работ по годам нельзя.'),(554,'2017-04-11',NULL,'Письмо','Минэко','Д28и-3217','2016-12-07','О разъяснениях, связанных с применением Федерального закона от 5 апреля 2013 г. N 44-ФЗ','При закупке лекарств нет обязанность указывать фармокопейную статью.'),(555,'2017-04-11','31','Письмо','Минэко','Д28и-26','2017-01-09','О разъяснениях, связанных с применением Федерального закона от 5 апреля 2013 г. N 44-ФЗ','Требования при закупке публичного технологического и ценового аудита крупных инвестиционных проектов'),(556,'2017-04-11',NULL,'Письмо','Минэко','Д28и-29','2017-01-09','О применении положений постановления Правительства Российской Федерации от 1 июля 2016 г. N 615','ППРФ 615 порядок применения. Региональные операторы капитального ремонта.'),(557,'2017-04-11','15','Письмо','Минэко','Д28и-45','2017-01-09','О разъяснениях, связанных с применением Федерального закона от 5 апреля 2013 г. N 44-ФЗ','Автономные учреждения. Что такое капитальные вложения, и когда им пользоваться 223 а когда 44.'),(558,'2017-04-11','99','Письмо','Минэко','Д28и-3362','2016-12-09','О разъяснениях, связанных с применением Федерального закона от 5 апреля 2013 г. N 44-ФЗ','п. 6 ст. 93. с ФСБ на экспертизу поставщиов по допуску к гостайне заключаетмя у ед. поставщика.'),(559,'2017-04-11','93','Письмо','Минэко','Д28и-98','2017-01-10','О разъяснениях, связанных с применением Федерального закона от 5 апреля 2013 г. N 44-ФЗ','п. 1 ст. 93.\r\nЗакупка услуг кредитных учреждений по перечислению гражданам пособий и субсидий - аукционом. Но закупку услуг по осуществлению почтовых переводов, доставке (вручению) денежных средств гражданам с ФГУП \"Почта России\" можно с единственным.'),(560,'2017-04-11','93','Письмо','Минэко','Д28и-556','2017-02-10','О разъяснениях, связанных с применением Федерального закона от 5 апреля 2013 г. N 44-ФЗ','Заказчик может пользоваться как п.1 так и п. 4 ст. 93 по своему усмотрению.'),(561,'2017-04-11',NULL,'Письмо','Минэко','Д28и-140','2017-01-11','О размещении плана закупок и плана-графика в ЕИС','ППРФ 615 определяет особый порядок закупки операторами кап.ремонтов'),(562,'2017-04-11','93','Письмо','Минэко','Д28и-34','2017-01-12','О разъяснениях, связанных с применением Федерального закона от 5 апреля 2013 г. N 44-ФЗ','п. 1 ст. 93.\r\nЗакупка услуг кредитных учреждений по перечислению гражданам пособий и субсидий - аукционом. Но закупку услуг по осуществлению почтовых переводов, доставке (вручению) денежных средств гражданам с ФГУП \"Почта России\" можно с единственным.'),(563,'2017-04-11','1','Письмо','Минэко','Д28и-117','2017-01-13','О разъяснениях, связанных с применением Федерального закона от 5 апреля 2013 г. N 44-ФЗ','Договор комиссии не попадает под контрактную систему'),(564,'2017-04-11','22','Письмо','Минэко','Д28и-210','2017-01-13','О разъяснениях, связанных с применением Федерального закона от 5 апреля 2013 г. N 44-ФЗ','ЖНВЛП цена обосновывается только методом сопостовимых рыночных цен. В реестре цена без НДС.'),(565,'2017-04-11','22','Письмо','Минэко','Д28и-3101','2016-11-14','О разъяснении положений Федерального закона от 5 апреля 2013 г. N 44-ФЗ и Федерального закона от 12 апреля 2010 г. N 61-ФЗ','Максимальная цена участника это предельная цена из ЖНВЛП + НДС + оптовая надбавка субъекта.'),(566,'2017-04-11','38','Письмо','Минэко','Д28и-3374','2016-12-14','О разъяснениях, связанных с применением Федерального закона от 5 апреля 2013 г. N 44-ФЗ','1. Контрактному управляющему нужно иметь любое высшее и получить любое доп. Образование в сфере закупок.\r\n2. Членами приёмочной комиссии могут быть и не работники заказчика. Филиал не является самостоятельным заказчиком в рамках КС'),(567,'2017-04-11','93','Письмо','Минэко','Д28и-585','2017-02-15','О полномочиях единственного исполнителя','п. 6 ст.93. \"Российский государственный центр инвентаризации и учета объектов недвижимости - Федеральное бюро технической инвентаризации\"'),(568,'2017-04-11','22','Письмо','Минэко','Д28и-159','2017-01-16','О разъяснениях, связанных с применением Федерального закона от 5 апреля 2013 г. N 44-ФЗ','ЖНВЛП цена обосновывается только методом сопостовимых рыночных цен, собирая информацию из общедоступных иточников.'),(569,'2017-04-11','93','Письмо','Минэко','Д28и-186','2017-01-16','О разъяснениях, связанных с применением Федерального закона от 5 апреля 2013 г. N 44-ФЗ','п. 1 ст. 93\r\nЗаключение отдельного контракта с ФГУП \"Почта России\" на оказание услуг по проставлению оттиска клише франкировальной машины на отправляемой корреспонденции не требуется. Она включена в договор по доставке почты.'),(570,'2017-04-11','95','Письмо','Минэко','Д28и-218','2017-01-16','О разъяснениях, связанных с применением Федерального закона от 5 апреля 2013 г. N 44-ФЗ','Торги без объёма - нельзя изменить цену контракта'),(571,'2017-04-11','96','Письмо','Минэко','Д28и-3539','2016-12-16','О разъяснениях, связанных с применением Федерального закона от 5 апреля 2013 г. N 44-ФЗ','Заказчик может предусмотреть в контракте что обеспечение возвращается после срока окончания гарантийных обязательств, при этом нужно определить их объём.'),(572,'2017-04-11','93','Письмо','Минэко','Д28и-323','2017-01-17','О заключении государственного контракта с единственным исполнителем','п. 6 ст. 93. С ведомственной охраной у ед. поставщика может заключить контракт только то министерство которое его создало. Поэтмоу мостовой переход минтранс со своей охраной заключает по п. 6.'),(573,'2017-04-11','93','Письмо','Минэко','Д28и-637','2017-02-17','О разъяснениях, связанных с применением Федерального закона от 5 апреля 2013 г. N 44-ФЗ','п. 1 ст. 93.\r\nманевровой работы в пределах железнодорожных станций, подача и уборка вагонов, а также предоставление железнодорожных путей общего пользования - можно у закупить у единственного'),(574,'2017-04-11','23','Письмо','Минэко','Д28и-653','2017-02-17','О разъяснениях, связанных с применением Федерального закона от 5 апреля 2013 г. N 44-ФЗ','Когда в ИКЗ в ОКПД2 ставят нули.'),(575,'2017-04-11','34','Письмо','Минэко','Д28и-695','2017-02-20','О разъяснениях, связанных с применением Федерального закона от 5 апреля 2013 г. N 44-ФЗ','Изменение цены контракта при заключении, теперь можно если у нас спецификация.'),(576,'2017-04-11','93','Письмо','Минэко','Д28и-696','2017-02-20','О разъяснениях, связанных с применением Федерального закона от 5 апреля 2013 г. N 44-ФЗ','Зарплатный проект - аукцион.'),(577,'2017-04-11','38','Письмо','Минэко','Д28и-3371','2016-12-20','О разъяснениях, связанных с применением Федерального закона от 5 апреля 2013 г. N 44-ФЗ','Контрактный управляющий не имеет права утверждать документацию, если ему не передали это право внутренним документом.'),(578,'2017-04-11','93','Письмо','Минэко','Д28и-644','2017-02-21','О разъяснениях, связанных с применением Федерального закона от 5 апреля 2013 г. N 44-ФЗ','п. 22 ст. 93.\r\nДоговор с управляющей компанией можно с единственным.'),(579,'2017-04-11','23','Письмо','Минэко','Д28и-656','2017-02-21','О разъяснениях, связанных с применением Федерального закона от 5 апреля 2013 г. N 44-ФЗ','Когда в ИКЗ в ОКПД2 ставят нули.'),(580,'2017-04-11',NULL,'Письмо','Минэко','Д28и-846','2017-02-21','О разъяснениях, связанных с применением Федерального закона от 5 апреля 2013 г. N 44-ФЗ','Договора энергоснабжения: нельзя указвать примерную цену, порядок провдения экспертизы своими силами.'),(581,'2017-04-11','95','Письмо','Минэко','Д28и-182','2017-01-23','О разъяснениях, связанных с применением Федерального закона от 5 апреля 2013 г. N 44-ФЗ','Можно менять цену контракта если несколько позиций в спецификации.'),(582,'2017-04-11',NULL,'Письмо','Минэко','Д28и-275','2017-01-23','О разъяснениях, связанных с применением Федерального закона от 5 апреля 2013 г. N 44-ФЗ','Зарплатный проект - аукцион, при этом цена 0 не может быть.'),(583,'2017-04-11','15','Письмо','Минэко','Д28и-3098','2016-11-23','О разъяснениях, связанных с применением Федерального закона от 5 апреля 2013 г. N 44-ФЗ','Автономные учреждения. Что такое капитальные вложения, и когда им пользоваться 223 а когда 44.'),(584,'2017-04-11','38','Письмо','Минэко','Д28и-3375','2016-12-23','О разъяснениях, связанных с применением Федерального закона от 5 апреля 2013 г. N 44-ФЗ','Контрактный управляющие может иметь высшее и доп образование в сфере закупок. Рекомендуется учить не менее 108 часов. Но по закону о доп. Образованиии повышение квалификации не менн 40, а переподгтовка не менее 250.'),(585,'2017-04-11',NULL,'Письмо','Минэко','Д28и-138','2017-01-25','О разъяснениях, связанных с применением Федерального закона от 5 апреля 2013 г. N 44-ФЗ','При расторжении по соглашению сторон возможно уменьшение количества следовательно цены контракта.'),(586,'2017-04-11','95','Письмо','Минэко','Д28и-227','2017-01-26','О разъяснениях, связанных с применением Федерального закона от 5 апреля 2013 г. N 44-ФЗ','При отсутствии лимитов заказчик не может планировать и совершать закупки. Если лимиты уменьшают, то возможно уменьшение цены контракта.'),(587,'2017-04-11','38','Письмо','Минэко','Д28и-329','2017-01-26','О разъяснениях, связанных с применением Федерального закона от 5 апреля 2013 г. N 44-ФЗ','Контрактный управляющий может быть и без высшего но с корочками, если у него конкретные трудовые функции из стандарта.'),(588,'2017-04-11',NULL,'Письмо','Минэко','Д28и-274','2017-01-27','О разъяснениях, связанных с применением Федерального закона от 5 апреля 2013 г. N 44-ФЗ','ППРФ 615 порядок применения. Региональные операторы капитального ремонта.'),(589,'2017-04-11',NULL,'Письмо','Минэко','Д28и-284','2017-01-27','О разъяснениях, связанных с применением Федерального закона от 5 апреля 2013 г. N 44-ФЗ','При определение цены при заключении контракта систему налогооблажения не учитывают. Расчёт коэффициента снижения.'),(590,'2017-04-11','30','Письмо','Минэко','Д28и-382','2017-01-27','О разъяснениях, связанных с применением Федерального закона от 5 апреля 2013 г. N 44-ФЗ','При расчёте объёма учитываются и энергосервисные контракты. Оплата по контрактам в этом году уйдёт в отчёт за этот год в следующем.'),(591,'2017-04-11','33','Письмо','ФАС','ИА/10569/17','2017-02-20','О закупках лекарственных препаратов с группировочным наименованием \"Вакцина для профилактики клещевого энцефалита','Требования к \"Вакцина для профилактики клещевого энцефалита\"'),(592,'2017-04-11','99','Письмо','ФАС','ИА/58910/16','2016-08-26','О применении разъяснений ФАС России','Территориальный управления ФАС РФ обязаны применять положения писем центрального ФАС РФ.'),(593,'2017-04-11','33','Письмо','ФАС','ИА/11685/17','2017-02-27','О закупках лекарственных препаратов, имеющих МНН \"Пэгинтерферон альфа-2b\" и \"Цепэгинтерферон альфа-2b','Требования к \"Пэгинтерферон альфа-2b\" и \"Цепэгинтерферон альфа-2b'),(594,'2017-04-12',NULL,'Письмо','Минэко','Д28и-699','2017-02-20','О разъяснениях, связанных с применением Федерального закона от 5 апреля 2013 г. N 44-ФЗ','В ТЗ можно указывать удалённость места оказания услуг в км или территорией'),(595,'2017-04-13',NULL,'Письмо','Минэко','Д28и-1330','2017-03-15','О применении положений постановления правительства российской федерации','Изменился код ОКПД2, для применения ПРРФ 649 нужно теперь руководствоваться наименованием товара.'),(596,'2017-04-13',NULL,'Письмо','Минэко','Д28и-997','2017-01-16','О разъяснениях, связанных с применением Федерального закона от 5 апреля 2013 г. N 44-ФЗ','Механиз работы финансового контроля в ЕИС.'),(597,'2017-04-14',NULL,'Письмо','Минэко','Д28и-92','2017-01-10','О разъяснениях, связанных с применением Федерального закона от 5 апреля 2013 г. N 44-ФЗ','Экспертиза проектной документации - нормативное регулирование'),(598,'2017-04-14',NULL,'Письмо','Минэко','Д28и-1038','2017-01-13','О разъяснениях, связанных с применением Федерального закона от 5 апреля 2013 г. N 44-ФЗ','ЖНВЛП порядок определения предельной цены контракта.'),(599,'2017-04-17',NULL,'Письмо','Минэко','Д28и-1337','2017-03-20','О разъяснениях, связанных с применением Федерального закона от 5 апреля 2013 г. N 44-ФЗ','п. 23 ст. 93 когда применяется п.23 при оплате коммунальных услуг.'),(600,'2017-04-17',NULL,'Письмо','Минэко','Д28и-1219','2017-03-21','О разъяснениях, связанных с применением Федерального закона от 5 апреля 2013 г. N 44-ФЗ','КС запрещает договора действующие до момента заключения.'),(601,'2017-04-17',NULL,'Письмо','Минэко','Д28и-1222','2017-03-21','О разъяснениях, связанных с применением Федерального закона от 5 апреля 2013 г. N 44-ФЗ','Контрактным управляющиим может стать человк с любым высшим образованием и дополнительным образованием в сфере закупок.'),(602,'2017-04-17',NULL,'Письмо','Минэко','Д28и-1228','2017-02-22','О разъяснениях, связанных с применением Федерального закона от 5 апреля 2013 г. N 44-ФЗ','ЖНВЛП порядок определения предельной цены контракта.'),(603,'2017-04-17',NULL,'Письмо','Минэко','Д28и-1282','2017-03-22','О разъяснениях, связанных с применением Федерального закона от 5 апреля 2013 г. N 44-ФЗ','Размещение информации в СМИ учредителем этого СМИ не попадает под действие КС'),(604,'2017-04-18',NULL,'Письмо','Казначейство','13-00-05/35','2017-02-14','О разъяснениях, связанных с применением Федерального закона от 5 апреля 2013 г. N 44-ФЗ','Существует возможность сформировать извещение не из плана-графика.'),(605,'2017-04-18',NULL,'Письмо','Миниэко','Д28и-1360','2017-03-20','О разъяснениях, связанных с применением Федерального закона от 5 апреля 2013 г. N 44-ФЗ','Если в лот входит несколько товаров с разными ед. изм. То они не указываются.'),(606,'2017-04-18',NULL,'Письмо','Минэко','Д28и-1218','2017-03-21','О разъяснениях, связанных с применением Федерального закона от 5 апреля 2013 г. N 44-ФЗ','ОКПД2 при планировнии расшифровывается до 9-ти знаков, потому то потом это вносить в реестр контрактов'),(607,'2017-04-18','95','Письмо','Минэко','Д28и-1227','2017-02-22','О разъяснениях, связанных с применением Федерального закона от 5 апреля 2013 г. N 44-ФЗ','Изменение объёма работ по отдельным позициям сметы - возможно.'),(608,'2017-04-25',NULL,'Письмо','Минэко','Д28и-1280','2017-03-09','О разъяснениях, связанных с применением Федерального закона от 5 апреля 2013 г. N 44-ФЗ','При экспртизе своими силами отдельного документа не требуется, она может оформляется документами о приёмке подписаннами ЗАКАЗЧИКАМИ.'),(609,'2017-04-25','1','Письмо','Минэко','Д28и-1328','2017-03-15','О разъяснениях, связанных с применением Федерального закона от 5 апреля 2013 г. N 44-ФЗ','Закупки избирательных комиссий не попадают под действие контрактной системы'),(610,'2017-04-25','34','Письмо','Минэко','Д28и-1238','2017-03-01','О разъяснениях, связанных с применением Федерального закона от 5 апреля 2013 г. N 44-ФЗ','При заключении контракта с УСН его цена не меняется и не зависит от системы налогооблажения'),(611,'2017-04-25',NULL,'Письмо','Минэко','Д28и-1119','2017-03-06','О разъяснениях, связанных с применением Федерального закона от 5 апреля 2013 г. N 44-ФЗ','Порядок определения цены контракта при заключении. Расчёт коэффициэнта снижения цены.'),(612,'2017-04-25',NULL,'Письмо','Минэко','Д28и-1042','2017-02-10','О разъяснениях, связанных с применением Федерального закона от 5 апреля 2013 г. N 44-ФЗ','Отчёт об исполнении формируется после одновременно оплаты и приёмки'),(613,'2017-04-25','66','Письмо','Минэко','Д28и-1301','2017-02-10','О разъяснениях, связанных с применением Федерального закона от 5 апреля 2013 г. N 44-ФЗ','В электронном аукционе в заявке указывается только одна страна происхождения.'),(614,'2017-04-25','14','Письмо','Минэко','Д28и-1339','2017-01-13','О разъяснениях, связанных с применением Федерального закона от 5 апреля 2013 г. N 44-ФЗ','Картриджи попадают по национальный режим.'),(615,'2017-04-25',NULL,'Письмо','Минэко','Д28и-1153','2017-03-15','О разъяснениях, связанных с применением Федерального закона от 5 апреля 2013 г. N 44-ФЗ','Если закупка не состоялась, или завершена, то разместить ещё одно извещение по той же строке невозможно. Надо делать новую строку и удалять старую.'),(616,'2017-04-25','95','Письмо','Минэко','Д28и-1223','2017-03-21','О разъяснениях, связанных с применением Федерального закона от 5 апреля 2013 г. N 44-ФЗ','Изменение срока окончания работ и продление срока действия контракта не предусмотрено.'),(617,'2017-04-25',NULL,'Письмо','Минэко','Д28и-1203','2017-02-22','О разъяснениях, связанных с применением Федерального закона от 5 апреля 2013 г. N 44-ФЗ','ППРФ 615 порядок применения. Региональные операторы капитального ремонта.'),(618,'2017-04-25',NULL,'Письмо','Минэко','Д28и-1408','2017-03-24','О разъяснениях, связанных с применением Федерального закона от 5 апреля 2013 г. N 44-ФЗ','Обязательный аудит, как его проводить заказчикам из 223-ФЗ.'),(619,'2017-04-25','93','Письмо','Минэко','Д28и-1445','2017-03-27','О разъяснениях, связанных с применением Федерального закона от 5 апреля 2013 г. N 44-ФЗ','п. 5 ст. 93. Детские дома тоже могут использовать 5 пункт.'),(621,'2017-04-25','19','Письмо','Минэко','Д28и-1352','2017-03-20','О разъяснениях, связанных с применением Федерального закона от 5 апреля 2013 г. N 44-ФЗ','При нормировании опредляются предельные цены превышать которые при закупках нельзя'),(622,'2017-04-25','103','Письмо','Минэко','Д28и-1397','2017-03-31','О разъяснениях, связанных с применением Федерального закона от 5 апреля 2013 г. N 44-ФЗ','Цена забивается с двумя знаками после запятой. Если не получается, то используйте укрупнённые единицы имерения вплоть до усл. Ед.'),(630,'2017-04-25','33','Письмо','ФАС','ИА/24720/17','2017-04-13','О разъяснениях, связанных с применением Федерального закона от 5 апреля 2013 г. N 44-ФЗ','Особенности закупок МНН \"Трастузумаб\" и МНН \"Ритуксимаб\".'),(631,'2017-04-25','33','Письмо','ФАС','АК/74354/15','2015-12-23','О разъяснениях, связанных с применением Федерального закона от 5 апреля 2013 г. N 44-ФЗ','Особенности закупок МНН \"Трастузумаб\" и МНН \"Ритуксимаб\".'),(632,'2017-04-26','31','Письмо','ФАС','РП/21859/17','2017-04-04','О разъяснениях, связанных с применением Федерального закона от 5 апреля 2013 г. N 44-ФЗ','Текущий ремонт, установление дополнительных требований по ППРФ 99 недопустимо.'),(633,'2017-04-26','34','Письмо','Минфин','02-11-08/2467','2012-07-02','О разъяснениях, связанных с применением Федерального закона от 5 апреля 2013 г. N 44-ФЗ','При заключении контракта с УСН его цена не меняется и не зависит от системы налогооблажения. А если стройка, как оформить документы при этом.'),(634,'2017-05-03','15','Письмо','Минэко','ОГ-Д28-2628','2017-03-13','О разъяснениях, связанных с применением Федерального закона от 5 апреля 2013 г. N 44-ФЗ','Положение о закупке бюджетным и унитарным не надо каждый год переутверждать'),(635,'2017-05-03','99','Письмо','ФАС','РП/26465/17','2017-04-19','О разъяснениях, связанных с применением Федерального закона от 5 апреля 2013 г. N 44-ФЗ','Письма ФАС обязательны к применению.'),(636,'2017-05-04','1','Письмо','Минэко','Д28и-1327','2017-03-10','Об учете кредиторской задолженности по оплате договоров, заключенных ГУП и МУП, в совокупном годовом объеме закупок.','Деньги для оплаты контрактов заключённых по 223-ФЗ в прошлом году в СГОЗ этого года не включаются.'),(637,'2017-05-24','93','Письмо','ФАС','АЦ/31173/15','2015-06-23','О рассмотрении обращения','п. 1 ст. 93.\r\nПри использовании этого пункта руководствуемся только перечнем сфер деятельности, ни в каких списках сами организации не ищем.'),(638,'2017-05-25',NULL,'Письмо','Минэко','Д28и-1516','2017-04-07','О дополнительных требованиях к участникам закупки работ по текущему ремонту','При текущем ремонте дополнительные требования по ППРФ 99 не применяются'),(639,'2017-05-25',NULL,'Письмо','Минэко','Д28и-1627','2017-04-10','О форме заявки на участие в открытом конкурсе.','Конкурсная заявка не по форме или не по инструкции - отклоняется'),(640,'2017-05-25',NULL,'Письмо','Минэко','ОГ-Д28-761','2017-01-19','Об установлении заказчиком в конкурсной документации показателей критерия оценки квалификации участников закупки','Использования критерия индекс деловой репутации.'),(641,'2017-05-25',NULL,'Письмо','Минэко','Д28и-1347','2017-03-21','О включении в контракт условия о признании авансового платежа коммерческим кредитом при закупке путем электронного аукциона','В контракте можно предусмотреть что аванс - это коммерческий кредит.'),(642,'2017-05-25',NULL,'Письмо','ФАС','РП/17453/17','2017-03-20','О рассмотрении обращения','Контракты без лимитов заключать нельзя. Но КС не запрещает контракты с отлагательными условиями.'),(643,'2017-05-26',NULL,'Письмо','Минэко\r\nМинобр','5594-ЕЕ/Д28и\r\nАК-553/06','2015-03-12','О направлении методических рекомендаций','Методические рекомендации по программам обучения'),(644,'2017-05-26',NULL,'Письмо','Минфина','02-02-04/16546','2015-03-25','О разъяснениях, связанных с применением Федерального закона от 5 апреля 2013 г. N 44-ФЗ','В контракт можно включать отлогательное условие об оплате только после доведения лимитов.'),(645,'2017-05-26','30','Письмо','Минэко','Д28и-1556','2017-04-10','О закупках с привлечением к исполнению контракта субподрядчиков, соисполнителей из числа субъектов малого предпринимательства, СОНКО','Если была закупка по субподряду по СМП и СОНО, и выиграл СМП или СОНО, то тогда этот процент сразу считается отданным на субподряд и включается в отчёт.'),(646,'2017-06-05',NULL,'Письмо','Казанчейство','42-7.4-05/6.3-354','2012-06-02','О разъяснениях, связанных с применением Федерального закона от 5 апреля 2013 г. N 44-ФЗ','НДС в контракте заключённом по результатам закупок с участником применяющим УСН'),(648,'2017-06-05',NULL,'Письмо','Минфина','03-07-11/21','2012-01-26','О разъяснениях, связанных с применением Федерального закона от 5 апреля 2013 г. N 44-ФЗ','НДС в контракте заключённом по результатам закупок с участником применяющим УСН'),(649,'2017-06-05',NULL,'Письмо','Минфина','02-11-00/6027','2011-12-28','О разъяснениях, связанных с применением Федерального закона от 5 апреля 2013 г. N 44-ФЗ','НДС в контракте заключённом по результатам закупок с участником применяющим УСН'),(650,'2017-06-05',NULL,'Письмо','Минфина','02-02-09/43300','2014-08-29','О разъяснениях, связанных с применением Федерального закона от 5 апреля 2013 г. N 44-ФЗ','НДС в контракте заключённом по результатам закупок с участником применяющим УСН'),(652,'2017-06-05',NULL,'Письмо','ФАС','АЦ/39173','2011-10-06','О разъяснениях, связанных с применением Федерального закона от 5 апреля 2013 г. N 44-ФЗ','НДС в контракте заключённом по результатам закупок с участником применяющим УСН'),(653,'2017-06-05',NULL,'Письмо','Казначейство','42-7.4-05/6.3-432','2013-04-19','О разъяснениях, связанных с применением Федерального закона от 5 апреля 2013 г. N 44-ФЗ','НДС в контракте заключённом по результатам закупок с участником применяющим УСН'),(654,'2017-07-11',NULL,'Статья','Баландина','б/н','2017-07-01','Что требовать от участников при закупке строительных и ремонтных работ','Изменения в ГрК, в части закупок.'),(655,'2017-07-11',NULL,'Статья','Консультант Плюс','б/н','2017-07-28','Отмена допусков СРО в сфере строительства с 1 июля 2017 года: что делать заказчику по закону N 44-ФЗ','Изменения в ГрК, в части закупок.'),(656,'2017-07-11',NULL,'Письмо','Минфин\r\nКазначейство','02-03-09/3022\r\n42-7.4-05/3.3-429','2012-08-02','О сведениях об операциях с целевыми субсидиями, оформляемых на суммы разрешенных к использованию остатков целевых субсидий прошлых лет','Как использоваь неисползованные суммы прошлых лет'),(657,'2017-07-11',NULL,'Письмо','Минфин\r\nКазначейство','02-13-07/6650\r\n42-7.4-05/3.3-128','2013-03-05','О сведениях об операциях с целевыми субсидиями, оформляемых на суммы разрешенных к использованию остатков целевых субсидий прошлых лет','Как использоваь неисползованные суммы прошлых лет'),(658,'2017-07-11',NULL,'Письмо','Минстрой','36873-АС/08','2015-11-13','О разъяснениях, связанных с применением Федерального закона от 5 апреля 2013 г. N 44-ФЗ','На строительные работы требуем всегда генподрядную СРО.'),(659,'2017-07-11',NULL,'Письмо','Минфин','24-03-08/36404','2017-06-09','О рассмотрении обращения.','Работы по арихитектурному проектирвонию можно отнести к разным кодам ОКПД, следствие проводить либо аукцион либо конкурс.'),(660,'2017-07-11','95','Письмо','Минфин','24-03-07/37745','2017-06-16','О поставке лекарственных средств с улучшенными характеристиками и свойствами при исполнении контракта.','При закупке лекарств заказчик сам определяет какие свойства улучшенные у лекарства, для замены товара на улучшенный. Исключение ЖНВЛП (поскольку там национальный режим)'),(661,'2017-07-11',NULL,'Письмо','Минфин','24-05-08/37735','2017-06-16','Об оформлении заявки на участие в открытом конкурсе в письменной форме.','Конкурсная заявка может быть одна или несколько томов, сшивать все тома в одну и делать единую опись не требуется.'),(662,'2017-07-11',NULL,'Письмо','Минфин','24-01-10/38131','2017-06-19','О закупке государственным или муниципальным учреждением у единственного поставщика (подрядчика, исполнителя).','п. 5 ст. 93.\r\nОрганизациями перечисленным в п. 5 ст. 93 можно одновременно пользоваться и п. 4 ст. 93'),(663,'2017-07-11',NULL,'Письмо','Минэко','Д28и-1618','2017-04-07','О разъяснениях, связанных с применением Федерального закона от 5 апреля 2013 г. N 44-ФЗ','п. 4 ст. 93\r\nКто такие сельские поселения и какие нужды они могут проводить без ограничений по п.4 ст. 93'),(664,'2017-07-11',NULL,'Письмо','Минэко','Д28и-1971','2017-04-07','О закупках товаров, работ, услуг, относящихся к лицензируемым видам деятельности, путем проведения запроса котировок.','В запросе котировок требования о лицензировании установить обязаны, но в заявке его может и не быть.'),(665,'2017-07-11',NULL,'Письмо','Минэко','Д28и-2008','2017-04-07','О допуске (недопуске) к участию в закупке и о включении в документацию о закупке условия об обслуживании и ремонте автотранспорта официальным дилером.','1. Воздержался - нет такого решения члена комиссии.\r\n2. Можно установить требования об облуживании только у официального дилера, но только в контракте.'),(666,'2017-07-11',NULL,'Письмо','Минэко','Д28и-162','2017-04-20','О содержании документации о закупке строительных и связанных с ними работ.','Документация о закупке строительных работ должна содержать проектно-сметную документацию в полном ообъёме.'),(667,'2017-07-11',NULL,'Письмо','Минэко','Д28и-1624','2017-04-21','О разъяснениях, связанных с применением Федерального закона от 5 апреля 2013 г. N 44-ФЗ','Для обслуживания информационной системы лицом не являющимся правообладателем, у него должно быть копия лицензионного договора с ним.'),(668,'2017-07-11',NULL,'Письмо','Минэко','Д28и-1655','2017-04-24','Об оформлении заявки на участие в открытом конкурсе.','Конкурсную заявку подписать факсимилье нельзя.'),(669,'2017-07-11',NULL,'Письмо','Минэко','Д28и-1363','2015-05-25','Об осуществлении учреждениями, перечисленными в п. 5 ч. 1 ст. 93 Федерального закона от 05.04.2013 N 44-ФЗ, закупки у единственного поставщика (подрядчика, исполнителя).','п. 5 ст. 93.\r\nОрганизациями перечисленным в п. 5 ст. 93 можно одновременно пользоваться и п. 4 ст. 93'),(670,'2017-07-11',NULL,'Письмо','Минэко','Д28и-1857','2017-04-26','О формировании плана-графика закупок и расчете совокупного годового объема закупок в случае реорганизации заказчика в форме присоединения.','При присоединении заказчика с момента организации пересчитывается СГОЗ с учётом сумм присоединённых организация.'),(672,'2017-07-11',NULL,'Письмо','Минэко','Д28и-2001','2017-03-27','О разъяснениях, связанных с применением Федерального закона от 5 апреля 2013 г. N 44-ФЗ','1. У унитарных предприятий старые договора по 223-ФЗ продолжают действовать.\r\n2. Банковские услуги закупаются по контрактной системе.'),(673,'2017-07-11',NULL,'Письмо','Минэко','ОГ-Д28-6795','2016-05-27','О допуске к участию в электронном аукционе при указании в первой части заявки одновременно нескольких стран происхождения товара.','Указать несколько стран происхождения товара - можно.'),(674,'2017-07-11',NULL,'Письмо','Минэко','Д28и-1681','2017-04-28','О подтверждении наличия опыта исполнения контракта участником электронного аукциона на выполнение строительных работ.','Подтвердить свой опыт исполнения работ контрактом по гостайне - невозможно.'),(675,'2017-07-11',NULL,'Письмо','ФАС','ИА/34601/17','2017-05-24','О разъяснении вопросов установления государственными и муниципальными\r\nЗаказчиками в документации о закупках остаточного срока годности (службы) медицинских изделий.','Остаточный срок медицинских изделий тоже как и лекарств указывать конкретной датой (не в процентах). Так же сроки должны быть разумными, связанными с временем использования медицинских изеделий.'),(676,'2017-07-11',NULL,'Письмо','ФАС','б/н 05.07.2017','2017-07-05','О внесении изменений в статью 14.32 Кодекса Российской Федерации об административных правонарушениях и примечания к ней','Разьяснения по статье 14.2 КоАП'),(677,'2017-09-14',NULL,'Присьмо','Минфин','02-02-07/32132','2014-06-02','О разъяснениях, связанных с применением Федерального закона от 5 апреля 2013 г. N 44-ФЗ','Вопросы гарантийного обеспечения по контракту'),(678,'2017-09-14',NULL,'Письмо','Минэко','Д28и-2865','2014-12-31','О разъяснениях, связанных с применением Федерального закона от 5 апреля 2013 г. N 44-ФЗ','Вопросы возврата денежных средств по обеспечению контракта при гарантийном обеспечении по контракту'),(679,'2017-10-11','99','Письмо','Минфин, ФАС','24-04-06/55025, РП/59080/17','2017-08-25','О позиции Минфина России и ФАС России по вопросам применения Федерального закона от 5 апреля 2013 г. N 44-ФЗ \"О контрактной системе в сфере закупок товаров, работ, услуг для обеспечения государственных и муниципальных нужд\" при осуществлении контроля в сфере закупок','1. Контрольные органы Субъекта и муниципалитета на могут проводить проверки ЭА с публикации извещения и до заключения контракта.\r\n2. Муниципальные контрольные органы не могут накладывать штрафы.'),(680,'2017-10-12','93','Письмо','ФАС','РП/27902/17','2017-04-25','О рассмотрении обращения','Дробления не существует. Одноименность товаров не препятствует их закупке у единственного поставщика.'),(681,'2017-10-13','31','Письмо','Минфин','24-03-06/58653','2017-09-12','Об установлении в документации о закупке требования о сроке действия лицензии','Нельзя указывать требования к сроку действия лицензии.'),(682,'2017-10-13','22','Письмо','Минфин','24-01-09/58179','2017-09-08','Об определении и обосновании НМЦК методом сопоставимых рыночных цен','Заказчик может указать НМЦК меньше расчётной - Лимиты бюджетных обязательств.'),(683,'2017-10-13','66','Письмо','Минфин','24-01-10/62488','2017-09-26','Об указании фирменного наименования юрлица и страны происхождения товара в заявке на участие в электронном аукционе','ЭА: Фирменное наименование участника во второй части заявки. Страна просхождения товара не обязательно из справочника'),(685,'2017-10-13','34','Письмо','Минфин','N 02-04-06/32553','2016-06-06','Об оплате госконтракта по договору уступки права требования в пользу лица, не являющегося стороной госконтракта','Цессия по государственным (муниципальным) контрактам не допускается'),(686,'2017-10-24','31','Письмо','Минфин','24-02-08/56717','2017-09-04','О включении победителя в реестр недобросовестных поставщиков в случае отказа заказчика от заключения контракта с ним при закупке жизненно необходимых и важнейших лекарственных препаратов.','При отказе заказчика заключать договор по ч. 10 ст. 31 в РНП не вноситься.'),(687,'2017-10-24','70','Письмо','Минфин','24-02-08/58557','2017-09-07','О форме размещения протокола разногласий при проведении электронного аукциона.','Протокол разногласий - это не исправленная версия контракта а указание на несоответсвующие места в контракте.'),(688,'2017-10-24','31','Письмо','Минфин','24-02-07/58642','2017-09-10','О соответствии участника закупки строительных работ дополнительным требованиям.','Для подтверждения соответствия дополнительных требований строительных работ контракт предоставляется в полном объёме со всеми приложениями'),(689,'2017-10-24','94','Письмо','Минфин','24-02-08/58553','2017-09-11','О возможности передачи полномочий заказчика по приемке товара и подписании актов приемки по договору транспортной экспедиции.','Переложить обязанность о приёмке заказчик может или на комиссию, или по централизации. Транспортной компании этого передать нельзя.'),(690,'2017-10-24','34','Письмо','Минфин','09-04-04/46799','2017-07-21','О разъяснениях, связанных с применением Федерального закона от 5 апреля 2013 г. N 44-ФЗ','Цессия по государственным (муниципальным) контрактам не допускается'),(691,'2017-10-24','22','Письмо','Минфин','24-01-07/62519','2017-09-26','Об определении и обосновании НМЦК при закупке медицинских изделий.','НМЦК лекарств считается по ст.22 но не превышает Предельную цену производителя + оптовая надбавка + 10%.'),(692,'2017-10-25','104','Письмо','Минфина','24-05-09/62505','2017-09-26','Об отказе от заключения контракта с лицом, сведения о котором содержатся в реестре недобросовестных поставщиков.','Если физ лицо в РНП как учредитель то и его заявка как ИП и ФЛ тоже отклоняется'),(693,'2017-11-01',NULL,'Письмо','ФАС','ИА/71717/17','2017-10-18','О разъяснении вопросов установления государственными и муниципальными заказчиками в документации о закупках остаточного срока годности лекарственных препаратов','Остаточный срок лекарств'),(694,'2017-11-01',NULL,'Письмо','ФАС','АК/34487/14','2014-08-26','О разъяснении вопросов установления государственными и муниципальными заказчиками в документации о закупках остаточного срока годности лекарственных препаратов','Остаточный срок лекарств'),(695,'2017-11-10','34','Письмо','Минфин','24-05-07/65542','2017-10-06','Об определении размера штрафа (пени) в случае ненадлежащего исполнения (неисполнения) заказчиком, поставщиком (подрядчиком, исполнителем) обязательств.','Правила применения расчёта неустоек. Верхняя граница \"включено\".'),(696,'2017-11-17','14','Письмо','Минздрав','25-0-10-1-7122','2017-10-31','Информация о средневзвешенных ценах на медицинские изделия, включенные в перечень медицинских изделий одноразового применения (использования) из поливинилхлоридных пластиков, происходящих из иностранных государств, в отношении которых устанавливаются ограничения допуска.','Цены средневзвешанные на медицинские изделия по приложению №2 ППРФ 102'),(697,'2017-11-17','14','Письмо','Минпромторг','ЦС-71651-19','2017-10-31','Коэффициенты локализации по наименованиям медицинских изделий, предусмотренным графиком реализации комплексного проекта по расширению и (или) локализации производства медицинских изделий одноразового применения (использования) из поливинилхлоридных пластиков','Коэффициенты локализации на медицинские изделия по приложению №2 ППРФ 102'),(699,'2017-11-17',NULL,'Письмо','Минфин','24-04-08/57972','2017-09-02','О применении законодательства о закупках при заключении ГУП (МУП) договора банковского вклада.','Банковский вклад не 44-ФЗ если по этому договору нет расходов со стороны заказчика'),(700,'2017-11-17',NULL,'Письмо','Минфин','24-06-08/64068','2017-10-02','О подтверждении добросовестности участника закупки при предоставлении информации, включающей номера извещений о проведении закупки, без реестровых номеров контрактов и сведений, подтверждающих их исполнение.','Для подтверждение добросовестности при антидемпинговых мерах необходимо предоставить любую информацию позволяющую определить реестровую запись из реестра контрактов в том числе и номер закупки.'),(701,'2017-11-17',NULL,'Письмо','Минфин','24-06-01/65537','2017-10-06','О направлении информации для включения в реестр контрактов и внесении изменений в контракт в связи с поставкой товара, качество, технические и функциональные характеристики которого являются улучшенными.','При поставки улучшенного товара составляется дополнительное соглашение со всеми вытекающими последствиями'),(702,'2017-11-17',NULL,'Письмо','Минфин','21-07-05/43320','2017-07-07','О разъяснениях, связанных с применением Федерального закона от 5 апреля 2013 г. N 44-ФЗ','Федеральный заказчики формируют план закупок только через систему электронный бюджет.'),(703,'2017-11-17',NULL,'Письмо','Минфин','02-10-10/50466','2014-10-08','О разъяснениях, связанных с применением Федерального закона от 5 апреля 2013 г. N 44-ФЗ','Федеральные деньги проверяют только федеральные контрольные органы, субъектовые и муниципальные передают нарушения на федеральный уровень.'),(704,'2017-11-17',NULL,'Письмо','Минфин','24-02-08/67122','2017-10-13','О возможности применения антидемпинговых мер при закупке путем электронного аукциона работ, услуг, объем которых невозможно определить','Антидемпинговые меры в торгах без объёма не применяются'),(705,'2017-11-17',NULL,'Письмо','Казначейство','07-04-05/14-289','2017-10-27','О порядке формирования планов закупок на 2018 и плановый период 2019 и 2020 годов','Федеральными заказчиками план закупок формируется только в системе электронный бюджет. На ЕИС эта возможность заблокирована и планы закупок на ЕИС без ПБП будут аннулированы.'),(706,'2017-11-17',NULL,'Письмо','Минфин','24-03-08/70001','2017-10-25','Об исчислении сроков вступления в силу решений об одностороннем отказе от исполнения контракта, а также размещения в ЕИС такого решения заказчика и информации об изменении (расторжении) контракта.','1. Календарная дата и день наступления события не входят в исчисляемый срок.'),(707,'2017-11-17',NULL,'Письмо','Минфин','24-03-08/70438','2017-10-26','О сроке оплаты заказчиком поставленного товара, выполненной работы (ее результатов), оказанной услуги, отдельных этапов исполнения контракта','Оплата по контракту должна быть в 30 дней, рассрочек и отсрочек не существует.'),(708,'2017-11-20',NULL,'Письмо','Минфин','24-05-09/65161','2017-10-05','О закупках ГУП (МУП) при привлечении соисполнителей к исполнению контракта (договора)','Унитарка по 223-ФЗ может закупать в исполненеие контрактов заключённых только по 44-ФЗ и только в объёме этих контрактов. По другим контрактам только по 44-ФЗ.'),(709,'2017-11-20',NULL,'Письмо','Минфин','24-03-07/61189','2017-09-15','О рассмотрениии обращения','Этапность. Отчёт после оплаты поставленного товара (платёжка и ТОРГ-12). В реестр контрактов каждая платёжка и каждая ТОРГ-12.'),(710,'2017-11-27','33','Письмо','ФАС','АК/21351/16','2016-04-01','По вопросу правомерности установления заказчиками в описании объекта закупки торговых наименований лекарственных препаратов','Безобразное письмо в законе указано два случая вомзожности использовать Тороговые наименования, перечень которого нет, и врачебная комиссия.'),(711,'2017-11-27','33','Письмо','ФАС','АД/6345/16','2016-02-03','О взаимозаменяемости лекарственных препаратов','Особенности закупок МНН \"Глатирамера ацетат\". Плюс общее описание достаточных характеристик для описания'),(712,'2017-11-27','33','Письмо','ФАС','АК/28644/15','2015-06-09','О рассмотрении обращения','Конкретное объяснение порядка закупки лекарств а так же перечень характеристик не влияющих на терапевтический эффект!'),(713,'2017-11-27','33','Письмо','ФАС','АК/29024/15','2015-06-10','О закупках лекарственных препаратов с МНН \"Эпоэтин бета\"','Особенности закупок МНН \"Эпотин бета\".'),(715,'2017-11-27','33','Письмо','ФАС','СП/40637/16','2016-06-15','О рассмотрении обращения Курской областной Думы о закупке инсулинов','Подробный ответ о том что Инсулины взаимозаменяемые. Мало того перечень по лекарствам пуст потому что комиссии не разу ещё не доказали уникальность не одного лекарственного средства.'),(716,'2017-11-27','33','Письмо','ФАС','АК/24046/15','2015-05-18','О закупках лекарственных препаратов с МНН \"Эпоэтин альфа\"','Особенности закупок МНН \"Эпотин альфа\".'),(717,'2017-12-01','17','Письмо','Казначейство','07-04-05/14-829','2017-10-27','О порядке формирования планов закупок на 2018 и плановый период 2019 и 2020 годов','Федералы формируют планы только через систему электронный бюджет, если до этого что-то сделано переводите этот план в статус архивный.'),(718,'2017-12-06',NULL,'Письмо','Минфин','02-02-04/63862','2014-12-11','О разъяснениях, связанных с применением Федерального закона от 5 апреля 2013 г. N 44-ФЗ','Можно использовать понятие законной неустойки и просто сослаться на норму по неустойке'),(719,'2017-12-14',NULL,'Письмо','Минфина','03-07-11/72354','2017-11-02','Правомерно ли снижение цены контракта по устройству внутренних инженерных систем в отношении объекта культурного наследия на сумму НДС?','Цена контракта с УСН, на сумму НДС не снижается.'),(720,'2017-12-14',NULL,'Письмо','Минфин','03-11-11/44793','2014-09-05','О возможности уменьшения цены муниципального контракта, заключенного с применяющим УСН победителем электронного аукциона, на сумму НДС при оплате товаров (работ, услуг).','Цена контракта с УСН, на сумму НДС не снижается.'),(721,'2017-12-14',NULL,'Письмо','ФАС','АЦ/33651/14','2014-08-21','О рассмотрении обращения','Цена контракта с УСН, на сумму НДС не снижается.'),(722,'2017-12-14',NULL,'Письмо','Минфин','24-01-10/55970','2017-08-26','Об уменьшении на сумму НДС цены контракта, предложенной победителем закупки, применяющим УСН.','Цена контракта с УСН, на сумму НДС не снижается.'),(723,'2017-12-14',NULL,'Письмо','Минфин','24-03-07/62238','2017-09-26','О заключении и оплате контракта в случае применения победителем закупки УСН.','Цена контракта с УСН, на сумму НДС не снижается.'),(724,'2017-12-14',NULL,'Письмо','Минэко','Д28и-2906','2015-10-07','О корректировке цены контракта, если победитель закупки применяет УСН.','Цена контракта с УСН, на сумму НДС не снижается.'),(725,'2017-12-15',NULL,'Письмо','Минфин, Казначейство','21-03-04/82833, 07-04-05/14-948','2017-12-12','Информационное письмо','Порядок формирования плана закупок для федералов в системе Электронный бюджет'),(727,'2017-12-15','30','Письмо','Минфин','24-02-06/38404','2017-06-20','О подтверждении соисполнения обязательств по контракту на оказание услуг питания; об ответственности за нарушение условия о привлечении к исполнению контракта субъекта малого предпринимательства или СОНКО.','1. Подтверждением привлечения СМП и СОНО на субподряд по договору услуг будет и договор и поставки товара.\r\n2. При непривлечении на субподряд СМП и СОНО контракт НЕ расторгается в одностороннем порядке, просто берётся штраф.'),(728,'2017-12-15',NULL,'Письмо','ФАС','РП/60879/17','2017-09-01','О рассмотрении обращения','В протоколы электронного аукциона нельзя вносить изменения после публикации'),(729,'2017-12-15','93','Письмо','ФАС','ИА/70852/17','2017-10-13','По вопросу о заключении государственных контрактов на охрану зданий','п. 6 ст. 93. На ведомственную охрану по переченю 567 всё равно нужно делать конкурентную закупку.'),(730,'2017-12-20',NULL,'Письмо','Минфин','24-01-10/37699','2017-07-16','О способе предоставления информации о вскрытии конвертов с заявками на участие в открытом конкурсе.','Вскрытие конверотов в режиме реального времени - это возможность физически присутствовать.'),(731,'2017-12-20','95','Письмо','Минфин','24-05-08/38833','2017-07-21','Об изменении цены контракта, заключенного с единственным поставщиком (подрядчиком, исполнителем) на закупку товара (работы, услуги) на сумму менее 100 тыс. руб.','Изменение контрактов у единственного поставщика тоже подчиняются статье 95'),(732,'2017-12-20',NULL,'Рекомендации','ФАС','б/н 20.07.2011','2011-07-20','Рекомендации по осуществлению государственных закупок персональных компьютеров в РФ','Обзор основных нарушений конкуренции при написании ТЗ на ПК'),(733,'2017-12-21','93','Письмо','Минфин','24-05-07/38889','2017-07-21','О закупках учреждением дополнительного образования товаров (работ, услуг) у единственного поставщика (подрядчика, исполнителя).','п. 4 и п.5 можно использовать и для закупок попадающих и в п.п. 1, 8, 29.'),(734,'2017-12-21','22','Письмо','Минздрав','3522/25-5','2017-12-06','Разъяснения применения приказа Минздрава от 26.10.2017 №871н','Разъяснения применения приказа Минздрава от 26.10.2017 №871н'),(735,'2018-01-18','34','Письмо','Минэко','ОГ-Д28-8194','2015-06-08','О разъяснениях, связанных с применением Федерального закона от 5 апреля 2013 г. N 44-ФЗ','Случаи когда контракт действует до момента его заключения.'),(736,'2018-01-25','34','Письмо','Минфин','24-03-08/73293','2017-11-07','О расчете пени за просрочку поставщиком (подрядчиком, исполнителем) исполнения обязательств по контракту.','При расчете пеней госзаказчик не должен учитывать время, потраченное им на приемку'),(737,'2018-01-25','93','Письмо','Минэко','Д28и-910','2017-03-01','О разъяснениях, связанных с применением Федерального закона от 5 апреля 2013 г. N 44-ФЗ','Электроэнергию можно оплатить по счёту.'),(738,'2018-01-25','93','Письмо','Минэко','Д28и-394','2015-02-26','О разъяснениях, связанных с применением Федерального закона от 5 апреля 2013 г. N 44-ФЗ','п. 4 и п.5  можно заключить в любой форме согласно ГК, чек подтверждение'),(739,'2018-01-25','95','Письмо','Минфин','24-03-07/73936','2017-11-09','Об изменении заказчиком условий контракта, если закупка осуществлялась путем проведения запроса котировок.','Изменить контракт на 10 % по котировке нельзя поскольку к неё нет документации.'),(740,'2018-02-02','38','Письмо','Минфин','24-01-09/73185','2017-11-07','О требованиях к контрактному управляющему и порядке его назначения; об ответственности за нарушение законодательства о закупках.','1. Контрактный управляющий:\r\nможет быть только работник заказчика,\r\nруководтель может сам исполнять эти функции.\r\n2. За неисполнение ст. 38 несут ответственность.'),(741,'2018-02-02','34','Письмо','Минфин','24-02-07/73170','2017-11-07','О цене закупки запасных частей для автотранспортных средств.','Нельзя купить запчасти без объёма если с ними не закупается тех.обслуживание или ремонт.'),(742,'2018-02-02','30','Письмо','Минфин','24-01-10/73595','2017-11-08','О формировании отчета об объеме закупок у субъектов малого предпринимательства, социально ориентированных некоммерческих организаций.','Отчёт об СМП и СОНО делать всегда, даже если были только закупки по п.4 ч.1 ст.93'),(744,'2018-02-02','93','Письмо','Минфин','24-01-10/37705','2017-07-16','О закупках у единственного поставщика - физлица.','В контрактах с физ. лицом и налоги и социальные взносы вычитаются из суммы контракта.'),(745,'2018-02-02','27','Письмо','Минфин','24-02-06/77462','2017-11-22','Об установлении преимуществ при закупках субъектам малого предпринимательства и социально ориентированным некоммерческим организациям наряду с их установлением организациям инвалидов.','Инвалидам и СМП и СОНО можно установить одновременно если товар попал в оба перечня.'),(746,'2018-02-02',NULL,'Письмо','ФАС','ИА/3737/18','2018-01-23','О формировании документации на закупку лекарственных препаратов с мнн «Салметерол + Флутиказон»','Особенности МНН «Салметерол + Флутиказон»'),(747,'2018-02-02',NULL,'Письмо','ФАС','ИА/3738/18','2018-01-23','О формировании документации на закупку лекарственных препаратов с МНН «Менотропины»','О формировании документации Особенности МНН «Менотропины»'),(748,'2018-02-02',NULL,'Письмо','Минфин','24-02-07/79270','2017-11-29','О требованиях к участникам закупки при проведении запроса котировок.','При запросе котировок не отклоняем а отсутствие декларации о соотвтествии единым требованиям. Но отклоняем за фактическое несоотвтетсвие им, если проверим.');
/*!40000 ALTER TABLE `letter` ENABLE KEYS */;
UNLOCK TABLES;

--
-- Table structure for table `letter_cat`
--

DROP TABLE IF EXISTS `letter_cat`;
/*!40101 SET @saved_cs_client     = @@character_set_client */;
/*!40101 SET character_set_client = utf8 */;
CREATE TABLE `letter_cat` (
  `letter_id` int(11) DEFAULT NULL COMMENT 'Идентификатор письма',
  `category_id` int(11) DEFAULT NULL COMMENT 'Раздел знаний',
  KEY `ПисьмаДСП_Письма_раздел_знаний` (`letter_id`),
  KEY `Разделы_знанийДСП_Письма_раздел_знаний` (`category_id`)
) ENGINE=MyISAM DEFAULT CHARSET=utf8 COMMENT='Таблица связывающая разделы знаний с конкретным письмом';
/*!40101 SET character_set_client = @saved_cs_client */;

--
-- Dumping data for table `letter_cat`
--

LOCK TABLES `letter_cat` WRITE;
/*!40000 ALTER TABLE `letter_cat` DISABLE KEYS */;
INSERT INTO `letter_cat` VALUES (668,NULL),(462,1),(551,1),(586,1),(642,1),(644,1),(656,1),(657,1),(87,2),(4,2),(112,2),(418,2),(552,2),(614,2),(696,2),(697,2),(422,3),(539,3),(548,3),(615,3),(670,3),(717,3),(725,3),(111,4),(547,4),(41,5),(67,5),(104,5),(250,5),(498,5),(576,5),(582,5),(659,5),(729,5),(72,7),(522,7),(674,7),(667,7),(665,7),(664,7),(88,8),(477,8),(540,8),(634,8),(66,9),(100,9),(74,9),(521,9),(522,9),(640,9),(673,9),(668,9),(33,10),(54,10),(94,10),(335,10),(464,10),(594,10),(48,15),(62,15),(416,15),(467,15),(533,15),(580,15),(621,15),(682,15),(730,16),(728,17),(67,18),(69,18),(730,18),(63,19),(250,19),(728,19),(75,20),(73,20),(664,20),(730,20),(748,20),(172,22),(476,22),(501,22),(509,22),(557,22),(656,22),(657,22),(307,23),(702,23),(705,23),(725,23),(114,24),(307,24),(605,24),(606,24),(621,26),(43,27),(307,27),(574,27),(579,27),(34,28),(38,28),(11,28),(42,28),(65,28),(67,28),(636,28),(592,29),(635,29),(676,29),(679,29),(494,30),(497,30),(500,30),(531,30),(550,30),(596,30),(703,30),(28,36),(37,37),(39,37),(44,37),(48,37),(49,37),(65,37),(104,37),(109,37),(110,37),(309,37),(425,37),(423,37),(495,37),(505,37),(508,37),(507,37),(511,37),(530,37),(534,37),(545,37),(558,37),(559,37),(560,37),(562,37),(567,37),(569,37),(572,37),(573,37),(578,37),(599,37),(619,37),(637,37),(669,37),(663,37),(662,37),(680,37),(729,37),(733,37),(737,37),(738,37),(59,38),(5,38),(475,38),(514,38),(577,38),(587,38),(601,38),(740,38),(56,39),(566,39),(665,39),(94,40),(100,40),(3,40),(13,40),(555,40),(664,40),(658,40),(692,40),(748,40),(95,41),(417,41),(542,41),(555,41),(632,41),(638,41),(674,41),(688,41),(23,42),(79,43),(106,43),(6,43),(53,43),(103,43),(245,43),(310,43),(311,43),(336,43),(462,43),(473,43),(474,43),(476,43),(536,43),(537,43),(557,43),(563,43),(583,43),(603,43),(618,43),(609,43),(634,43),(672,43),(699,43),(708,43),(30,44),(670,44),(57,45),(517,45),(700,45),(704,45),(549,46),(550,46),(604,46),(292,48),(108,50),(242,50),(60,53),(88,53),(96,53),(613,53),(673,53),(25,54),(40,54),(51,54),(58,54),(319,54),(525,54),(748,54),(639,55),(668,55),(661,55),(87,56),(10,56),(240,56),(405,56),(478,56),(554,56),(591,56),(593,56),(630,56),(631,56),(675,56),(693,56),(694,56),(710,56),(711,56),(712,56),(713,56),(715,56),(716,56),(746,56),(747,56),(87,57),(14,57),(464,57),(26,58),(50,58),(94,58),(17,58),(335,58),(426,58),(427,58),(405,58),(94,59),(34,60),(42,60),(38,60),(11,60),(71,60),(503,60),(527,60),(590,60),(645,60),(727,60),(742,60),(745,60),(595,61),(99,62),(745,62),(71,63),(12,63),(21,64),(91,64),(164,64),(506,64),(580,64),(707,64),(24,65),(27,65),(61,65),(68,65),(75,65),(78,65),(90,65),(105,65),(110,65),(83,65),(86,65),(384,65),(424,65),(528,65),(553,65),(570,65),(575,65),(581,65),(586,65),(607,65),(616,65),(660,65),(701,65),(731,65),(739,65),(29,66),(39,66),(44,66),(61,66),(70,66),(79,66),(98,66),(82,66),(274,66),(504,66),(507,66),(539,66),(589,66),(600,66),(611,66),(610,66),(633,66),(642,66),(646,66),(648,66),(649,66),(650,66),(652,66),(653,66),(719,66),(720,66),(721,66),(722,66),(723,66),(724,66),(247,66),(735,66),(738,66),(744,66),(35,67),(52,67),(93,67),(169,67),(170,67),(171,67),(308,67),(510,67),(483,67),(543,67),(695,67),(718,67),(736,67),(97,68),(84,68),(246,68),(504,68),(527,68),(528,68),(539,68),(571,68),(600,68),(641,68),(642,68),(644,68),(718,68),(108,69),(89,69),(519,69),(585,69),(15,70),(494,71),(486,71),(706,71),(64,73),(110,73),(169,73),(170,73),(171,73),(513,73),(543,73),(571,73),(677,73),(678,73),(513,74),(543,74),(19,75),(31,75),(55,75),(248,75),(538,75),(564,75),(565,75),(568,75),(598,75),(602,75),(691,75),(696,75),(697,75),(734,75),(101,76),(20,76),(81,76),(640,76),(32,77),(549,77),(596,77),(605,77),(606,77),(45,78),(502,78),(687,78),(113,79),(92,80),(274,82),(542,82),(597,82),(638,82),(654,82),(666,82),(659,82),(658,82),(532,85),(538,86),(675,86),(660,86),(693,86),(694,86),(617,87),(66,88),(8,88),(9,88),(529,88),(686,88),(692,88),(80,89),(18,89),(334,89),(2,90),(475,90),(566,90),(584,90),(643,90),(94,91),(667,91),(681,91),(94,92),(658,92),(405,93),(496,94),(60,96),(94,96),(426,96),(428,96),(21,97),(46,97),(96,97),(512,97),(683,97),(688,97),(46,98),(95,98),(97,98),(77,99),(249,99),(517,99),(612,99),(78,100),(531,100),(622,100),(77,101),(541,101),(709,101),(36,102),(77,102),(107,102),(102,102),(479,102),(580,102),(608,102),(689,102),(47,103),(91,103),(685,103),(690,103),(70,104),(29,104),(76,104),(247,104),(425,104),(589,104),(610,104),(633,104),(646,104),(648,104),(649,104),(650,104),(652,104),(653,104),(719,104),(720,104),(721,104),(722,104),(723,104),(724,104),(744,104),(8,106),(516,106),(545,106),(16,107),(556,108),(561,108),(588,108),(617,108),(666,109),(741,110);
/*!40000 ALTER TABLE `letter_cat` ENABLE KEYS */;
UNLOCK TABLES;

--
-- Table structure for table `migration`
--

DROP TABLE IF EXISTS `migration`;
/*!40101 SET @saved_cs_client     = @@character_set_client */;
/*!40101 SET character_set_client = utf8 */;
CREATE TABLE `migration` (
  `version` varchar(180) NOT NULL,
  `apply_time` int(11) DEFAULT NULL,
  PRIMARY KEY (`version`)
) ENGINE=InnoDB DEFAULT CHARSET=utf8;
/*!40101 SET character_set_client = @saved_cs_client */;

--
-- Dumping data for table `migration`
--

LOCK TABLES `migration` WRITE;
/*!40000 ALTER TABLE `migration` DISABLE KEYS */;
INSERT INTO `migration` VALUES ('m000000_000000_base',1527175884),('m140506_102106_rbac_init',1527175899),('m170907_052038_rbac_add_index_on_auth_assignment_user_id',1527175899),('m180523_151638_rbac_updates_indexes_without_prefix',1527175900);
/*!40000 ALTER TABLE `migration` ENABLE KEYS */;
UNLOCK TABLES;

--
-- Table structure for table `npa`
--

DROP TABLE IF EXISTS `npa`;
/*!40101 SET @saved_cs_client     = @@character_set_client */;
/*!40101 SET character_set_client = utf8 */;
CREATE TABLE `npa` (
  `id` int(11) NOT NULL AUTO_INCREMENT COMMENT 'Идентификатор фрагмента знаний',
  `date_id` date DEFAULT NULL COMMENT 'Дата фрагмента',
  `category_id` int(11) DEFAULT NULL COMMENT 'Идентификатор темы или раздел знаний',
  `law_article` varchar(255) DEFAULT NULL COMMENT 'Статья закона к которому относится',
  `type` varchar(255) DEFAULT NULL COMMENT 'Закон, постановление или распоряжение',
  `source` varchar(255) DEFAULT NULL COMMENT 'Кто выпустил документ',
  `doc_number` varchar(255) DEFAULT NULL COMMENT 'Точный номер документа для поиска',
  `doc_date` date DEFAULT NULL COMMENT 'Дата документа',
  `revision_date` date DEFAULT NULL COMMENT 'Дата редакции документа',
  `title` longtext COMMENT 'Наименоваие документа (если есть)',
  `level` varchar(255) DEFAULT NULL COMMENT 'Уровень документа: Федеральный, Субъекта, Муниципальный',
  `description` longtext COMMENT 'Краткое описание содеражания фрагмента знаний',
  `usage_for` varchar(255) DEFAULT 'Все' COMMENT 'Для заказчиков какого уровня (Все, федералы, областные, муниципалы)',
  PRIMARY KEY (`id`),
  KEY `Разделы_знанийНПА` (`category_id`)
) ENGINE=MyISAM AUTO_INCREMENT=260 DEFAULT CHARSET=utf8;
/*!40101 SET character_set_client = @saved_cs_client */;

--
-- Dumping data for table `npa`
--

LOCK TABLES `npa` WRITE;
/*!40000 ALTER TABLE `npa` DISABLE KEYS */;
INSERT INTO `npa` VALUES (1,'2018-01-19',8,NULL,'Закон','Госдума','44-ФЗ','2013-04-05','2017-12-31',' контрактной системе в сфере закупок товаров, работ, услуг для обеспечения государственных и муниципальных нужд\"\r\n(с изм. и доп., вступ. в силу с 01.01.2017','Федеральный','Контрактная система','Все'),(2,'2016-10-04',2,'14','Постановление','Правительство РФ','968','2016-09-26','2017-07-06','Об ограничениях и условиях допуска отдельных видов радиоэлектронной продукции, происходящих из иностранных государств, для целей осуществления закупок для обеспечения государственных и муниципальных нужд','Федеральный','Национальный режим, радиоэлектронные компоненты','Все'),(3,'2016-10-05',23,'17','Постановление','Правительство РФ','552','2015-06-05','2017-01-25','Об утверждении Правил формирования, утверждения и ведения плана закупок товаров, работ, услуг для обеспечения федеральных нужд, а также требований к форме плана закупок товаров, работ, услуг для обеспечения федеральных нужд','Федеральный','План закупок федералы','Федеральный'),(4,'2016-10-05',23,'17','Постановление','Правительство РФ','1043','2013-11-21','2017-01-25','О требованиях к формированию, утверждению и ведению планов закупок товаров, работ, услуг для обеспечения нужд субъекта Российской Федерации и муниципальных нужд, а также требованиях к форме планов закупок товаров, работ, услуг','Федеральный','План закупок субъекты и муниципалитеты','Все'),(5,'2016-10-05',24,'21','Постановление','Правительство РФ','553','2015-06-05','2017-01-25','Об утверждении Правил формирования, утверждения и ведения плана-графика закупок товаров, работ, услуг для обеспечения федеральных нужд, а также требований к форме плана-графика закупок товаров, работ, услуг для обеспечения федеральных нужд','Федеральный','План-график федералы','Федеральный'),(6,'2016-10-05',24,'21','Постановление','Правительство РФ','554','2015-06-05','2017-01-25','О требованиях к формированию, утверждению и ведению плана-графика закупок товаров, работ, услуг для обеспечения нужд субъекта Российской Федерации и муниципальных нужд, а также о требованиях к форме плана-графика закупок товаров, работ, услуг','Федеральный','План-график субъекты и муниципалы','Все'),(7,'2016-10-05',25,'18','Постановление','Правительство РФ','555','2015-06-05',NULL,'Об установлении порядка обоснования закупок товаров, работ и услуг для обеспечения государственных и муниципальных нужд и форм такого обоснования\"\r\n(вместе с \"Правилами обоснования закупок товаров, работ и услуг для обеспечения государственных и муниципальных нужд\")','Федеральный','Обоснование закупок','Все'),(8,'2016-10-05',27,'23','Приказ','Минэко','422','2015-06-29','2016-11-29','Об утверждении Порядка формирования идентификационного кода закупки','Федеральный','Идентификационный код закупки','Все'),(9,'2016-10-05',30,'99','Постановление','Правительство РФ','1367','2015-12-12','2017-03-20','О порядке осуществления контроля, предусмотренного частью 5 статьи 99 Федерального закона \"О контрактной системе в сфере закупок товаров, работ, услуг для обеспечения государственных и муниципальных нужд\"\r\n(вместе с \"Правилами осуществления контроля, предусмотренного частью 5 статьи 99 Федерального закона \"О контрактной системе в сфере закупок товаров, работ, услуг для обеспечения государственных и муниципальных нужд\")','Федеральный','Финансовый контроль Казначейством','Все'),(10,'2016-10-07',26,'19','Постановление','Правительство РФ','926','2015-09-02',NULL,'Об утверждении Общих правил определения требований к закупаемым заказчиками отдельным видам товаров, работ, услуг (в том числе предельных цен товаров, работ, услуг)','Федеральный','Общие требования к товарам','Все'),(11,'2016-10-07',26,'19','Постановление','Правительство РФ','927','2015-09-02','2016-11-30','Об определении требований к закупаемым федеральными государственными органами, органами управления государственными внебюджетными фондами Российской Федерации, их территориальными органами и подведомственными им казенными и бюджетными учреждениями отдельным видам товаров, работ, услуг (в том числе предельных цен товаров, работ, услуг)\"\r\n(вместе с \"Правилами определения требований к закупаемым федеральными государственными органами, органами управления государственными внебюджетными фондами Российской Федерации, их территориальными органами и подведомственными им казенными и бюджетными учреждениями отдельным видам товаров, работ, услуг (в том числе предельных цен товаров, работ, услуг)\")','Федеральный','Федеральные требования к товарам','Федеральный'),(12,'2016-10-07',26,'19','Постановление','Правительство РФ','476','2015-05-18',NULL,'Об утверждении общих требований к порядку разработки и принятия правовых актов о нормировании в сфере закупок, содержанию указанных актов и обеспечению их исполнения','Федеральный','Общие требования к разработке документов по нормированию','Все'),(13,'2016-10-07',26,'19','Постановление','Правительство РФ','479','2015-05-19',NULL,'Об утверждении требований к порядку разработки и принятия правовых актов о нормировании в сфере закупок для обеспечения федеральных нужд, содержанию указанных актов и обеспечению их исполнения','Федеральный','Федеральные требования к разработке документов по нормированию','Федеральный'),(14,'2016-10-07',26,'19','Постановление','Правительство РФ','1047','2014-10-13',NULL,'Об общих требованиях к определению нормативных затрат на обеспечение функций государственных органов, органов управления государственными внебюджетными фондами и муниципальных органов','Федеральный','Общие нормативные затраты','Все'),(15,'2016-10-07',26,'19','Постановление','Правительство РФ','1084','2014-10-20','2016-04-13','О порядке определения нормативных затрат на обеспечение функций федеральных государственных органов, органов управления государственными внебюджетными фондами Российской Федерации, в том числе подведомственных им казенных учреждений\"\r\n(вместе с \"Требованиями к определению нормативных затрат на обеспечение функций федеральных государственных органов, органов управления государственными внебюджетными фондами Российской Федерации, в том числе подведомственных им казенных учреждений\")','Федеральный','Федераьные нормативные затраты','Федеральный'),(16,'2016-10-10',90,'38','Постановление','Правительство РФ','584','2016-06-27',NULL,'Об особенностях применения профессиональных стандартов в части требований, обязательных для применения государственными внебюджетными фондами Российской Федерации, государственными или муниципальными учреждениями, государственными или муниципальными унитарными предприятиями, а также государственными корпорациями, государственными компаниями и хозяйственными обществами, более пятидесяти процентов акций (долей) в уставном капитале которых находится в государственной собственности или муниципальной собственности','Федеральный','Профстандарты: ввод в государственные организации','Все'),(17,'2016-10-11',67,'34','Указание','ЦБ РФ','3894-У','2015-12-11',NULL,'О ставке рефинансирования банка России и ключевой ставке банка России','Федеральный','Ставка рефинансирования приравнивается к ключевой','Все'),(18,'2016-10-12',79,'108','Постановление','Правительство РФ','636','2010-08-18','2016-06-01','О требованиях к условиям энергосервисного договора (контракта) и об особенностях определения начальной (максимальной) цены энергосервисного договора (контракта) (цены лота)','Федеральный','Энергосервисный контракт','Все'),(19,'2016-10-12',46,'4','Приказ','Казначейство','27н','2015-12-30',NULL,'Об утверждении Порядка регистрации в единой информационной системе в сфере закупок и признании утратившим силу приказа Федерального казначейства от 25 марта 2014 г. N 4н','Федеральный','Порядок регистарации в ЕИС','Все'),(20,'2016-10-12',47,'БК','Постановление','Правительство РФ','70','2016-02-04',NULL,'О порядке казначейского сопровождения в 2016 году государственных контрактов, договоров (соглашений), а также контрактов, договоров, соглашений, заключенных в рамках их исполнения\"\r\n(вместе с \"Правилами казначейского сопровождения в 2016 году государственных контрактов, договоров (соглашений), а также контрактов, договоров, соглашений, заключенных в рамках их исполнения\")','Федеральный','Казначейское сопровождение в 2016 году','Все'),(21,'2016-10-12',76,'32','Постановление','Правительство РФ','1085','2013-11-28','2016-11-14','Об утверждении Правил оценки заявок, окончательных предложений участников закупки товаров, работ, услуг для обеспечения государственных и муниципальных нужд','Федеральный','Оценка заявок в конкурсе','Все'),(22,'2016-10-14',30,'99','Приказ','Минфин','120н','2016-07-22',NULL,'Об утверждении общих требований к порядку взаимодействия при осуществлении контроля финансовых органов субъектов Российской Федерации и муниципальных образований, органов управления государственными внебюджетными фондами с субъектами контроля, указанными в пунктах 4 и 5 Правил осуществления контроля, предусмотренного частью 5 статьи 99 Федерального закона \"О контрактной системе в сфере закупок товаров, работ, услуг для обеспечения государственных и муниципальных нужд\", утвержденных постановлением Правительства Российской Федерации от 12 декабря 2015 г. N 1367','Федеральный','Порядок взаимодействия с органами финансового контроля при проведении контроля информации','Все'),(23,'2016-10-14',104,'34','Постановление','Правительство РФ','19','2014-01-13','2016-10-06','Об установлении случаев, в которых при заключении контракта в документации о закупке указываются формула цены и максимальное значение цены контракта','Федеральный','Нетвёрдая цена контракта','Все'),(24,'2016-10-24',31,'100','Приказ','Минэко','901','2015-12-02',NULL,'Об утверждении Регламента проведения Министерством экономического развития Российской Федерации ведомственного контроля в сфере закупок для обеспечения федеральных нужд','Федеральный','Ведомственный контроль Минэко своих подведомственных','Федеральный'),(25,'2016-10-24',31,'100','Приказ','Росздравнадзора','9988','2016-09-22',NULL,'Об утверждении Регламента проведения Федеральной службой по надзору в сфере здравоохранения ведомственного контроля в сфере закупок для обеспечения федеральных нужд','Федеральный','Ведомственный контроль  подведомственных Федеральной службе по надзору в сфере здравоохранения','Федеральный'),(26,'2016-10-25',22,'БК','Приказ','Минфин','65н','2013-07-01','2016-06-20','Об утверждении Указаний о порядке применения бюджетной классификации Российской Федерации','Федеральный','Формирование КБК в том числе КВР','Все'),(27,'2016-11-09',30,'99','Приказ','Минфин','104н','2016-07-04',NULL,'О порядке взаимодействия Федерального казначейства с субъектами контроля, указанными в пунктах 3 и 6 Правил осуществления контроля, предусмотренного частью 5 статьи 99 Федерального закона \"О контрактной системе в сфере закупок товаров, работ, услуг для обеспечения государственных и муниципальных нужд','Федеральный','Порядок взаимодействия с казанчейством при проведении контроля информации','Все'),(28,'2016-11-10',22,'БК','Приказ','Минфин','81н','2010-07-28','2016-08-29','О требованиях к плану финансово-хозяйственной деятельности государственного (муниципального) учреждения','Федеральный','Требования к ПФХД','Все'),(29,'2016-11-16',2,'14','Приказ','ТПП','93','2015-12-21','2016-09-19','О Положении о порядке выдачи сертификатов о происхождении товаров формы СТ-1 для целей осуществления закупок для обеспечения государственных и муниципальных нужд (для лекарственных препаратов, включенных в перечень жизненно необходимых и важнейших лекарственных препаратов)','Федеральный','Порядок выдачи СТ-1 по ППРФ 1289 (ЖНВЛП)','Все'),(30,'2016-11-16',2,'14','Приказ','ТПП','94','2015-12-21','2016-09-19','О Порядке заполнения актов экспертизы по определению страны происхождения товаров и соответствия товаров требованиям постановления Правительства Российской Федерации от 30 ноября 2015 года N 1289 \"Об ограничениях и условиях допуска происходящих из иностранных государств лекарственных препаратов, включенных в перечень жизненно необходимых и важнейших лекарственных препаратов, для целей осуществления закупок для обеспечения государственных и муниципальных нужд','Федеральный','Порядок выдачи акта экспертизы по ППРФ 1289 (ЖНВЛП)','Все'),(31,'2016-11-18',29,'99','Приказ','ФАС','727/14','2014-11-19','2016-03-17','Об утверждении административного регламента Федеральной антимонопольной службы по исполнению государственной функции по рассмотрению жалоб на действия (бездействие) заказчика, уполномоченного органа, уполномоченного учреждения, специализированной организации, комиссии по осуществлению закупок, ее членов, должностного лица контрактной службы, контрактного управляющего, оператора электронной площадки при определении поставщиков (подрядчиков, исполнителей) для обеспечения государственных и муниципальных нужд','Федеральный','Административный регламент проверки ФАС','Все'),(32,'2016-11-20',81,'111.4','Постановление','Правительство РФ','1166','2016-11-12',NULL,'Об установлении особенностей планирования закупок и проведения конкурсов для определения поставщика, с которым заключается государственный контракт, предусматривающий встречные инвестиционные обязательства поставщика-инвестора по созданию или модернизации и (или) освоению производства товара на территории субъекта Российской Федерации для обеспечения государственных нужд субъекта Российской Федерации','Федеральный','Планирование и закупка государственных контрактов со встречными инвестиционными обязательствами','Все'),(33,'2016-11-20',41,'31','Постановление','Правительство РФ','99','2015-02-04','2017-08-04','Об установлении дополнительных требований к участникам закупки отдельных видов товаров, работ, услуг, случаев отнесения товаров, работ, услуг к товарам, работам, услугам, которые по причине их технической и (или) технологической сложности, инновационного, высокотехнологичного или специализированного характера способны поставить, выполнить, оказать только поставщики (подрядчики, исполнители), имеющие необходимый уровень квалификации, а также документов, подтверждающих соответствие участников закупки указанным дополнительным требованиям','Федеральный','Дополнительные требования','Все'),(34,'2016-11-24',22,'БК','Постановление','Правительство РФ','13','2014-01-09',NULL,'Об утверждении Правил осуществления капитальных вложений в объекты государственной собственности Российской Федерации за счет средств федерального бюджета','Федеральный','Правила осуществления капитальных вложений.','Все'),(35,'2016-11-24',37,'93','Постановление','Правительство РФ','29','2008-01-25','2015-09-04','Об утверждении Правил формирования цен на российские вооружение и военную технику, которые не имеют российских аналогов и производство которых осуществляется единственным производителем','Федеральный','п. 7 ч. 1 ст. 93 Определение цены единственными поставщиками вооружения','Все'),(36,'2016-11-24',37,'93','Постановление','Правительство РФ','35','2001-01-18','2008-06-07','О регистрации образцов изделий народных художественных промыслов признанного художественного достоинства','Федеральный','п. 37 ч.1 ст. 93 Изделия народного художественного промысла','Все'),(37,'2016-11-24',46,'4','Постановление','Правительство РФ','36','2015-01-23','2016-12-31','О порядке и сроках ввода в эксплуатацию единой информационной системы в сфере закупок','Федеральный','Срок и порядок ввода ЕИС','Все'),(38,'2016-11-24',29,'99','Постановление','Правительство РФ','94','2006-02-20','2014-12-25','О федеральном органе исполнительной власти, уполномоченном на осуществление контроля в сфере размещения заказов на поставки товаров, выполнение работ, оказание услуг для федеральных государственных нужд','Федеральный','ФАС - контрольный орган','Все'),(39,'2016-11-24',2,'14','Постановление','Правительство РФ','102','2015-02-05','2017-08-14','Об ограничениях и условиях допуска отдельных видов медицинских изделий, происходящих из иностранных государств, для целей осуществления закупок для обеспечения государственных и муниципальных нужд','Федеральный','Запрет на иностранные медицинские изделия','Все'),(40,'2016-11-24',51,'96','Постановление','Правительство РФ','182','2016-03-11',NULL,'О случаях и об условиях, при которых в 2016 году заказчик вправе не устанавливать требование обеспечения исполнения контракта в извещении об осуществлении закупки и (или) проекте контракта','Федеральный','Антикризисные меры. Обеспечение по контракту','Все'),(41,'2016-11-24',51,'34','Постановление','Правительство РФ','190','2016-03-14',NULL,'О случаях и порядке предоставления заказчиком в 2016 году отсрочки уплаты неустоек (штрафов, пеней) и (или) осуществления списания начисленных сумм неустоек (штрафов, пеней)','Федеральный','Антикризисные меры. Штрафы и пени.','Все'),(42,'2016-11-24',51,'95','Постановление','Правительство РФ','191','2016-03-14',NULL,'Об утверждении Правил изменения по соглашению сторон срока исполнения контракта, и (или) цены контракта, и (или) цены единицы товара, работы, услуги, и (или) количества товаров, объема работ, услуг, предусмотренных контрактами, срок исполнения которых завершается в 2016 году','Федеральный','Антикризисные меры. Цена сроки.','Все'),(43,'2016-11-24',51,'34','Постановление','Правительство РФ','211','2016-03-18',NULL,'Об утверждении Правил осуществления заказчиком в 2016 году реструктуризации задолженностей коммерческих банков, возникших в связи с предъявлением требований к исполнению банковских гарантий, предоставленных в качестве обеспечения исполнения контрактов','Федеральный','Антикризисные меры. Задолженность банков.','Все'),(44,'2016-11-24',60,'30','Постановление','Правительство РФ','238','2015-03-17','2016-11-19','О порядке подготовки отчета об объеме закупок у субъектов малого предпринимательства и социально ориентированных некоммерческих организаций, его размещения в единой информационной системе и внесении изменения в Положение о Межведомственной комиссии по отбору инвестиционных проектов, российских кредитных организаций и международных финансовых организаций для участия в Программе поддержки инвестиционных проектов, реализуемых на территории Российской Федерации на основе проектного финансирования\"\r\n(вместе с \"Правилами подготовки отчета об объеме закупок у субъектов малого предпринимательства и социально ориентированных некоммерческих организаций, его размещения в единой информационной системе\")','Федеральный','Отчёт об СМП и СОНО','Все'),(46,'2016-11-24',11,'29','Постановление','Правительство РФ','341','2014-04-15','2016-07-28','О предоставлении преимуществ организациям инвалидов при определении поставщика (подрядчика, исполнителя) в отношении предлагаемой ими цены контракта\"\r\n(вместе с \"Правилами предоставления преимуществ организациям инвалидов при определении поставщика (подрядчика, исполнителя) в отношении предлагаемой ими цены контракта\")','Федеральный','Преимущества организациям инвалидов.','Все'),(47,'2016-11-24',2,'14','Постановление','Правительство РФ','372','2009-04-30','2016-11-07','Об утверждении перечня технологического оборудования (в том числе комплектующих и запасных частей к нему), аналоги которого не производятся в Российской Федерации, ввоз которого на территорию Российской Федерации не подлежит обложению налогом на добавленную стоимость','Федеральный','Товары которые не облагаются НДС.','Все'),(49,'2016-11-24',91,'33','Постановление','Правительство РФ','469','2013-06-03',NULL,'Об утверждении Положения о лицензировании деятельности по производству и техническому обслуживанию (за исключением случая, если техническое обслуживание осуществляется для обеспечения собственных нужд юридического лица или индивидуального предпринимателя) медицинской техники','Федеральный','Лицензирование обслуживания медицинской техники','Все'),(51,'2016-11-24',56,'33','Постановление','Правительство РФ','508','2009-06-22','2015-10-22','Об установлении государственных квот на наркотические средства и психотропные вещества','Федеральный','Медицина. Квоты на наркотические вещества.','Все'),(52,'2016-11-24',58,'33','Постановление','Правительство РФ','589','2016-06-28',NULL,'О федеральном информационном фонде стандартов','Федеральный','Фонд стандартов в технической сфере.','Все'),(54,'2016-11-24',93,'31','Постановление','Правительство РФ','615','2012-06-19','2014-06-21','Об утверждении Правил ведения государственного реестра медицинских изделий и организаций (индивидуальных предпринимателей), осуществляющих производство и изготовление медицинских изделий','Федеральный','Перечень медицинских изделий и их производителей','Все'),(55,'2016-11-24',2,'14','Постановление','Правительство РФ','656','2014-07-14','2016-06-09','Об установлении запрета на допуск отдельных видов товаров машиностроения, происходящих из иностранных государств, для целей осуществления закупок для обеспечения государственных и муниципальных нужд','Федеральный','Запрет на автомобили','Все'),(56,'2016-11-24',93,'31','Постановление','Правительство РФ','681','1998-06-30','2014-12-09','Об утверждении перечня наркотических средств, психотропных веществ и их прекурсоров, подлежащих контролю в Российской Федерации','Федеральный','Список психотропных и наркотических средств','Все'),(57,'2016-11-24',93,'31','Постановление','Правительство РФ','686','2012-07-06','2013-04-15','Об утверждении Положения о лицензировании производства лекарственных средств','Федеральный','Лицензирование производства лекарственных средств','Все'),(58,'2016-11-24',4,'99','Постановление','Правительство РФ','728','2013-08-26','2014-12-25','Об определении полномочий федеральных органов исполнительной власти в сфере закупок товаров, работ, услуг для обеспечения государственных и муниципальных нужд и о внесении изменений в некоторые акты Правительства Российской Федерации','Федеральный','ФАС - контрольный орган, Минэко - орган по регулированию.','Все'),(59,'2016-11-24',56,'33','Постановление','Правительство РФ','771','2010-09-29','2014-10-15','О порядке ввоза лекарственных средств для медицинского применения на территорию Российской Федерации\"\r\n(вместе с \"Правилами ввоза лекарственных средств для медицинского применения на территорию Российской Федерации\")','Федеральный','Порядок ввоза лекарственных средств','Все'),(60,'2016-11-24',75,'22','Постановление','Правительство РФ','865','2010-10-29','2014-08-28','О государственном регулировании цен на лекарственные препараты, включенные в перечень жизненно необходимых и важнейших лекарственных препаратов\"\r\n(вместе с \"Правилами государственной регистрации предельных отпускных цен производителей на лекарственные препараты, включенные в перечень жизненно необходимых и важнейших лекарственных препаратов\", \"Правилами ведения государственного реестра предельных отпускных цен производителей на лекарственные препараты, включенные в перечень жизненно необходимых и важнейших лекарственных препаратов\", \"Правилами установления предельных размеров оптовых и предельных размеров розничных надбавок к фактическим отпускным ценам производителей на лекарственные препараты, включенные в перечень жизненно необходимых и важнейших лекарственных препаратов, в субъектах Российской Федерации\")','Федеральный','Регулирование цен на ЖНВЛП','Все'),(62,'2016-11-24',22,'БК','Постановление','Правительство РФ','1071','2013-11-26',NULL,'Об утверждении Правил принятия решений о заключении государственных контрактов на поставку товаров, выполнение работ, оказание услуг для обеспечения федеральных нужд на срок, превышающий срок действия утвержденных лимитов бюджетных обязательств','Федеральный','Правила заключения долгосрочных контрактов','Федеральный'),(65,'2016-11-24',46,'4','Постановление','Правительство РФ','1414','2015-12-23',NULL,'О порядке функционирования единой информационной системы в сфере закупок\"\r\n(вместе с \"Правилами функционирования единой информационной системы в сфере закупок\")','Федеральный','Правила функционирования ЕИС','Все'),(66,'2016-11-24',93,'31','Постановление','Правительство РФ','1416','2012-12-27','2014-07-17','Об утверждении Правил государственной регистрации медицинских изделий','Федеральный','Правила регистрации медицинских изделий','Все'),(67,'2016-11-24',22,'БК','Постановление','Правительство РФ','1563','2014-12-27',NULL,'О мерах по реализации федерального закона \"о федеральном бюджете на 2015 год и на плановый период 2016 и 2017 годов','Федеральный','Реализация федерального бюджета на 2016-2017 год.','Все'),(68,'2016-11-24',68,'38','Приказ','Казначейства','297','2013-12-17',NULL,'О порядке проведения правовой экспертизы документов, поступающих в юридический отдел территориального органа Федерального казначейства','Федеральный','Проверка контрактов Казначейством','Все'),(69,'2016-11-24',93,'33','Приказ','Минздрава','4н','2012-06-06','2014-09-25','Об утверждении номенклатурной классификации медицинских изделий\"\r\n(вместе с \"Номенклатурной классификацией медицинских изделий по видам\", \"Номенклатурной классификацией медицинских изделий по классам в зависимости от потенциального риска их применения\")','Федеральный','Номенклатура медицинских изделий','Все'),(70,'2016-11-24',105,'93','Приказ','Минздрава','29н','2014-01-20',NULL,'Об утверждении типовой формы контракта с иностранной организацией на оказание услуг, связанных с лечением гражданина Российской Федерации за пределами территории Российской Федерации','Федеральный','п. 31 ч. 1 ст. 93 Типвой контракт на лечение гражданина за рубежом.','Все'),(79,'2016-11-24',90,'38','Приказ','Минобрнауки','499','2013-07-01',NULL,'Об утверждении Порядка организации и осуществления образовательной деятельности по дополнительным профессиональным программам','Федеральный','Дополнительное образование','Все'),(81,'2016-11-24',82,'31','Приказ','Минрегион','624','2009-12-30','2011-11-14','Об утверждении Перечня видов работ по инженерным изысканиям, по подготовке проектной документации, по строительству, реконструкции, капитальному ремонту объектов капитального строительства, которые оказывают влияние на безопасность объектов капитального строительства','Федеральный','Требования СРО. Работы влияющие на безопасность строительства','Все'),(82,'2016-11-24',2,'14','Приказ','Минсвязи','621','2015-12-31','2016-04-01','Об утверждении классификатора программ для электронных вычислительных машин и баз данных','Федеральный','Классификатор программ.','Все'),(83,'2016-11-24',37,'93','Приказ','Минстроя','223/пр','2014-05-05',NULL,'О критериях отнесения жилья к жилью экономического класса','Федеральный','пп. 38-39 ч. 1 ст. 93 Критерии жилья экономического класса','Все'),(84,'2016-11-24',38,'38','Приказ','Минтруда','625н','2015-09-10',NULL,'Об утверждении профессионального стандарта \"Специалист в сфере закупок\"','Федеральный','Профстандарт \"Специалист в сфере закупок\"','Все'),(85,'2016-11-24',38,'38','Приказ','Минтруда','626н','2015-09-10',NULL,'Об утверждении профессионального стандарта \"Специалист в сфере закупок\"','Федеральный','Профстандарт \"Эксперт в сфере закупок\"','Все'),(86,'2016-11-24',51,'34','Приказ','Минфина','44н','2016-04-12',NULL,'О порядке осуществления заказчиком в 2016 году списания начисленных сумм неустоек (штрафов, пеней)','Федеральный','Порядок списание неустойки','Федеральный'),(87,'2016-11-24',22,'БК','Приказ','Минфина','72н','2010-07-16','2013-12-27','О санкционировании расходов федеральных государственных учреждений, источником финансового обеспечения которых являются субсидии, полученные в соответствии с абзацем вторым пункта 1 статьи 78.1 и пунктом 1 статьи 78.2 бюджетного кодекса российской федерации','Федеральный','Порядок санкционирования оплаты','Федеральный'),(88,'2016-11-24',22,'БК','Приказ','Минфина','87н','2008-09-01','2013-12-27','О порядке санкционирования оплаты денежных обязательств получателей средств федерального бюджета и администраторов источников финансирования дефицита федерального бюджета','Федеральный','Порядок санкционирования оплаты','Федеральный'),(89,'2016-11-24',2,'14','Приказ','Минэко','155','2014-05-06','2015-11-13','Об условиях допуска товаров, происходящих из иностранных государств, для целей осуществления закупок товаров, работ, услуг для обеспечения государственных и муниципальных нужд','Федеральный','Приказ о преференциях','Все'),(90,'2016-11-24',15,'22','Приказ','Минэко','567','2013-10-02',NULL,'Об утверждении Методических рекомендаций по применению методов определения начальной (максимальной) цены контракта, цены контракта, заключаемого с единственным поставщиком (подрядчиком, исполнителем)','Федеральный','Обоснование НМЦК рекомендации Минэко','Все'),(93,'2016-11-24',2,'14','Приказ','ТПП','66','2014-08-25',NULL,'О Порядке заполнения актов экспертизы по определению страны происхождения товаров и соответствия товаров требованиям постановления Правительства РФ \"Об установлении запрета на допуск отдельных видов товаров машиностроения, происходящих из иностранных государств, для целей осуществления закупок для обеспечения государственных и муниципальных нужд\" от 14 июля 2014 года N 656','Федеральный','Выдача актов экспертизы ТПП согласно ППРФ 656','Все'),(94,'2016-11-24',29,'99','Приказ','ФАС','75/14','2014-02-11',NULL,'Об осуществлении Федеральной антимонопольной службой и территориальными органами Федеральной антимонопольной службы полномочий по контролю в сфере закупок товаров, работ, услуг для обеспечения государственных и муниципальных нужд в связи с вступлением в силу Федерального закона от 05.04.2013 № 44-фз «О контрактной системе в сфере закупок товаров, работ, услуг для обеспечения государственных и муниципальных нужд»','Федеральный','ФАС осуществляет контроль за 44-ФЗ.','Все'),(96,'2016-11-24',89,'99','Приказ','ФАС','727-14','2014-11-19',NULL,'Об утверждении административного регламента Федеральной антимонопольной службы по исполнению государственной функции по рассмотрению жалоб на действия (бездействие) заказчика, уполномоченного органа, уполномоченного учреждения, специализированной организации, комиссии по осуществлению закупок, ее членов, должностного лица контрактной службы, контрактного управляющего, оператора электронной площадки при определении поставщиков (подрядчиков, исполнителей) для обеспечения государственных и муниципальных нужд','Федеральный','Административный регламент ФАС','Все'),(97,'2016-11-24',5,'59','Распоряжение','Правительство РФ','471-р','2016-03-21','2016-08-10','Перечень товаров, работ, услуг, в случае осуществления закупок которых заказчик обязан проводить аукцион в электронной форме (электронный аукцион)','Федеральный','Аукционный перечень','Все'),(98,'2016-11-24',68,'БК','Распоряжение','Правительство РФ','737-р','2016-04-21',NULL,'Перечень товаров и услуг, в отношении которых при заключении договоров (государственных контрактов) о поставке товаров (оказании услуг) получателями средств федерального бюджета не предусматриваются авансовые платежи, если срок поставки таких товаров (оказания таких услуг) превышает 30 дней со дня заключения договора (государственного контракта)','Федеральный','Перечень товаров и услуг где запрещён аванс для федералов','Федеральный'),(99,'2016-11-24',56,'33','Распоряжение','Правительство РФ','2724-р','2015-12-26',NULL,'Об утверждении перечня жизненно необходимых и важнейших лекарственных препаратов на 2016 год, а также перечней лекарственных препаратов для медицинского применения и минимального ассортимента лекарственных препаратов, необходимых для оказания медицинской помощи','Федеральный','Перечень ЖНВЛП','Все'),(104,'2016-11-24',75,'22','Приказ','ФСТ','442-а','2009-12-11','2014-06-26','Об утверждении Методики установления органами исполнительной власти субъектов Российской Федерации предельных размеров оптовых надбавок и предельных размеров розничных надбавок к фактическим отпускным ценам, установленным производителями лекарственных препаратов, на лекарственные препараты, включенные в перечень жизненно необходимых и важнейших лекарственных препаратов','Федеральный','Методика определения Цены ЖНВЛП','Все'),(105,'2016-11-24',32,'98','Методические рекомендации','Счетная палата РФ','15К (961)','2014-03-21',NULL,'Методические рекомендации по проведению аудита в сфере закупок','Федеральный','Методика проверки закупок Счётной палаты','Федеральный'),(108,'2016-11-24',75,'22','Приказ','Минздрава\r\nФСТ','961н\r\n527-а','2010-11-03','2012-10-08','Об утверждении методики установления производителями лекарственных препаратов предельных отпускных цен на лекарственные препараты, включенные в перечень жизненно необходимых и важнейших лекарственных препаратов','Федеральный','Методика определения предельных отпускных цен на лекарства ЖНВЛП','Все'),(109,'2016-11-24',64,'94','Постановление','Госарбитраж СССР','П-6','1965-06-15',NULL,'Инструкция о порядке приемки продукции производственно-технического назначения и товаров народного потребления по количеству','Федеральный','Приёмка по поличеству','Все'),(110,'2016-11-24',64,'94','Постановление','Госарбитраж СССР','П-7','1966-04-25',NULL,'Инструкция о порядке приемки продукции производственно - технического назначения и товаров народного потребления по качеству','Федеральный','Приёика по качеству','Все'),(111,'2016-11-24',2,'14','Решение','Комиссия Таможенного союза','169','2010-01-27',NULL,'О предоставлении тарифных льгот по уплате ввозных таможенных пошлин хозяйствующим субъектам, осуществляющим производство моторных транспортных средств','Федеральный','Предприятия со статусом промышленная сборка','Все'),(112,'2016-11-24',2,'14','Решение','Комиссия Таможенного союза','130','2009-11-27',NULL,'О едином таможенно-тарифном регулировании таможенного союза Республики Беларусь, Республики Казахстан и Российской Федерации','Федеральный','Определение страны происхождения','Все'),(113,'2016-11-24',2,'14','Решение','Комиссия Таможенного союза','373','2010-08-17',NULL,'О Перечне операций, осуществление которых не отвечает требованиям достаточной переработки при определении статуса товара, изготовленного (полученного) с использованием иностранных товаров, помещенных под таможенную процедуру свободной таможенной зоны или таможенную процедуру свободного склада','Федеральный','Операции достаточные для признания товара Российским','Все'),(114,'2016-11-24',2,'14','Соглашение','Таможенный союз','б/н','2010-06-18',NULL,'Соглашение по вопросам свободных (специальных, особых) экономических зон на таможенной территории Таможенного союза и таможенной процедуры свободной таможенной зоны','Федеральный','Свободные экономические зоны','Все'),(115,'2016-11-24',2,'14','Приказ','ТПП','64','2014-08-25',NULL,'О Положении о порядке выдачи сертификатов о происхождении товаров формы СТ-1 для целей осуществления закупок для обеспечения государственных и муниципальных нужд и Положении о порядке выдачи актов экспертизы для целей осуществления закупок для обеспечения государственных и муниципальных нужд','Федеральный','Порядок выдачи СТ-1 для согласно ППРФ 656','Все'),(116,'2016-11-24',2,'14','Приказ','ТПП','65','2014-08-25',NULL,'Об утверждении тарифов','Федеральный','Тарифы на выдачу сертификатов','Все'),(117,'2016-11-24',79,'108','Приказ','Минэко','229','2010-06-04',NULL,'О требованиях энергетической эффективности товаров, используемых для создания элементов конструкций зданий, строений, сооружений, в том числе инженерных систем ресурсоснабжения, влияющих на энергетическую эффективность зданий, строений, сооружений','Федеральный','Требования энергоэффективности','Все'),(118,'2016-11-24',82,'33','Постановление','Правительство РФ','145','2007-03-05','2016-11-12','О порядке организации и проведения государственной экспертизы проектной документации и результатов инженерных изысканий','Федеральный','Порядок экспертизы проектной документации','Все'),(120,'2016-11-24',82,'33','Постановление','Правительство РФ','87','2008-02-16','2014-12-10','О составе разделов проектной документации и требованиях к их содержанию','Федеральный','Состав проекнтой документации','Все'),(121,'2016-11-24',82,'33','Постановление','Правительство РФ','427','2009-05-18','2014-09-25','О порядке проведения проверки достоверности определения сметной стоимости объектов капитального строительства, строительство которых финансируется с привлечением средств федерального бюджета\"\r\n(вместе с \"Положением о проведении проверки достоверности определения сметной стоимости объектов капитального строительства, строительство которых финансируется с привлечением средств федерального бюджета\")','Федеральный','Проверка достоверности сметы','Федеральный'),(122,'2016-11-24',91,'31','Постановление','Правительство РФ','349','2012-04-19','2014-08-14','О лицензировании деятельности по сохранению объектов культурного наследия (памятников истории и культуры) народов Российской Федерации\"\r\n(вместе с \"Положением о лицензировании деятельности по сохранению объектов культурного наследия (памятников истории и культуры) народов Российской Федерации\")','Федеральный','Лицензирование субъектов культурного наследия','Все'),(123,'2016-11-24',82,'33','Постановление','Правительство РФ','18','2011-01-25','2014-03-26','Об утверждении Правил установления требований энергетической эффективности для зданий, строений, сооружений и требований к правилам определения класса энергетической эффективности многоквартирных домов','Федеральный','Энергетическая эффективность зданий и сооружений','Все'),(124,'2016-11-24',82,'33','Постановление','Правительство РФ','1521','2014-12-26',NULL,'Об утверждении перечня национальных стандартов и сводов правил (частей таких стандартов и сводов правил), в результате применения которых на обязательной основе обеспечивается соблюдение требований Федерального закона \"Технический регламент о безопасности зданий и сооружений\"','Федеральный','Состав регламентов необходимых для безопасности зданий и сооружений','Все'),(125,'2016-11-24',82,'33','Приказ','Минрегион','474','2009-10-13',NULL,'О подведомственном федеральном государственном учреждении, уполномоченном на проведение проверки достоверности определения сметной стоимости объектов капитального строительства, строительство которых финансируется с привлечением средств федерального бюджета','Федеральный','Кто проверяет достоверность сметы','Все'),(126,'2016-11-25',38,'38','Приказ','Минэко','631','2013-10-29','2014-05-26','Об утверждении Типового положения (регламента) о контрактной службе','Федеральный','Положение о контрактной службе','Все'),(127,'2016-11-25',49,'35','Постановление','Правительство РФ','963','2014-09-20','2016-11-12','Об осуществлении банковского сопровождения контрактов','Федеральный','Банковское сопровождение','Все'),(128,'2016-11-25',31,'100','Постановление','Правительство РФ','89','2014-02-10','2014-03-17','Об утверждении Правил осуществления ведомственного контроля в сфере закупок для обеспечения федеральных нужд','Федеральный','Ведомственный контроль, порядок проведения на федеральном уровне','Все'),(129,'2016-11-25',88,'104','Постановление','Правительство РФ','1062','2013-11-25','2014-12-25','О порядке ведения реестра недобросовестных поставщиков (подрядчиков, исполнителей)','Федеральный','РНП порядок ведения','Все'),(133,'2016-11-25',43,'БК','Постановление','Правительство РФ','367','2013-04-23',NULL,'Об утверждении Правил получения международными организациями права на предоставление грантов на территории Российской Федерации на осуществление конкретных научных, научно-технических программ и проектов, инновационных проектов, проведение конкретных научных исследований на условиях, предусмотренных грантодателями','Федеральный','Правила предоставления грантов','Все'),(134,'2016-11-25',15,'22','Постановление','Правительство РФ','407','2015-04-28',NULL,'О порядке определения начальной (максимальной) цены государственного контракта, а также цены государственного контракта, заключаемого с единственным поставщиком (подрядчиком, исполнителем), при осуществлении закупок товаров, работ, услуг по государственному оборонному заказу\"\r\n(вместе с \"Положением об определении начальной (максимальной) цены государственного контракта, а также цены государственного контракта, заключаемого с единственным поставщиком (подрядчиком, исполнителем), при осуществлении закупок товаров, работ, услуг по государственному оборонному заказу\")','Федеральный','НМЦК Гособоронзаказ','Все'),(135,'2016-11-25',105,'34','Постановление','Правительство РФ','606','2014-07-02','2016-11-19','О порядке разработки типовых контрактов, типовых условий контрактов, а также о случаях и условиях их применения\"\r\n(вместе с \"Правилами разработки типовых контрактов, типовых условий контрактов\")','Федеральный','Разработка типовых контрактов','Все'),(136,'2016-11-25',61,'28','Постановление','Правительство РФ','649','2014-07-14',NULL,'О порядке предоставления учреждениям и предприятиям уголовно-исполнительной системы преимуществ в отношении предлагаемой ими цены контракта','Федеральный','Преимущества УИС','Все'),(138,'2016-11-25',46,'4','Постановление','Правительство РФ','727','2013-08-26',NULL,'Об определении федерального органа исполнительной власти, уполномоченного на осуществление функций по выработке функциональных требований к единой информационной системе в сфере закупок, по созданию, развитию, ведению и обслуживанию единой информационной системы в сфере закупок, по установлению порядка регистрации в единой информационной системе в сфере закупок и порядка пользования единой информационной системой в сфере закупок','Федеральный','Минэко уполномочен на развитие ЕИС','Все'),(139,'2016-11-25',64,'34','Постановление','Правительство РФ','775','2013-09-04',NULL,'Об установлении размера начальной (максимальной) цены контракта при осуществлении закупки товара, работы, услуги, при превышении которой в контракте устанавливается обязанность поставщика (подрядчика, исполнителя) предоставлять заказчику дополнительную информацию','Федеральный','Предоставление дополнительной информации о субподрядчиках','Все'),(140,'2016-11-25',2,'14','Постановление','Правительство РФ','791','2014-08-11','2016-02-17','Об установлении запрета на допуск товаров легкой промышленности, происходящих из иностранных государств, и (или) услуг по прокату таких товаров в целях осуществления закупок для обеспечения федеральных нужд, нужд субъектов Российской Федерации и муниципальных нужд','Федеральный','Требования к товарам лёгкой промышленности','Все'),(141,'2016-11-25',37,'93','Постановление','Правительство РФ','826','2013-09-19','2015-09-04','Об утверждении Положения о ведении реестра единственных поставщиков российских вооружения и военной техники','Федеральный','п. 7 ч.1 ст. 93 Единый реестр поставщиков военной техники.','Все'),(142,'2016-11-25',107,'44','Постановление','Правительство РФ','901','2013-10-10',NULL,'О требованиях к финансовой устойчивости банков, в которых оператором электронной площадки открываются счета для учета денежных средств, внесенных участниками закупок в качестве обеспечения заявок, и требованиях к условиям договоров о ведении счетов, заключаемых оператором электронной площадки с банком, для учета денежных средств, внесенных участниками закупок в качестве обеспечения заявок','Федеральный','Требования к устойчивости банков для площадок','Все'),(143,'2016-11-25',77,'4','Постановление','Правительство РФ','913','2013-10-12',NULL,'Об утверждении Положения о размещении на официальном сайте Российской Федерации в информационно-телекоммуникационной сети \"Интернет\" для размещения информации о размещении заказов на поставки товаров, выполнение работ, оказание услуг информации, подлежащей размещению в единой информационной системе в сфере закупок товаров, работ, услуг для обеспечения государственных и муниципальных нужд до ввода ее в эксплуатацию','Федеральный','Как информацию размещать на ЕИС','Все'),(145,'2018-01-25',74,'45','Постановление','Правительство РФ','1005','2013-11-08','2018-01-15','О банковских гарантиях, используемых для целей Федерального закона \"О контрактной системе в сфере закупок товаров, работ, услуг для обеспечения государственных и муниципальных нужд\"\r\n(вместе с \"Дополнительными требованиями к банковской гарантии, используемой для целей Федерального закона \"О контрактной системе в сфере закупок товаров, работ, услуг для обеспечения государственных и муниципальных нужд\", \"Правилами ведения и размещения в единой информационной системе в сфере закупок реестра банковских гарантий\")','Федеральный','Банковская гарантия - требования','Все'),(146,'2016-11-25',37,'93','Постановление','Правительство РФ','1011','2013-11-11','2016-12-22','Об утверждении Правил заключения федеральным органом исполнительной власти контракта с иностранной организацией на лечение гражданина Российской Федерации за пределами территории Российской Федерации','Федеральный','п. 34 ст. 93 Лечение гражданина за рубежом','Все'),(147,'2016-11-25',67,'34','Постановление','Правительство РФ','1063','2013-11-25',NULL,'Об утверждении Правил определения размера штрафа, начисляемого в случае ненадлежащего исполнения заказчиком, поставщиком (подрядчиком, исполнителем) обязательств, предусмотренных контрактом (за исключением просрочки исполнения обязательств заказчиком, поставщиком (подрядчиком, исполнителем), и размера пени, начисляемой за каждый день просрочки исполнения поставщиком (подрядчиком, исполнителем) обязательства, предусмотренного контрактом','Федеральный','Правила расчёта пени и штрафов','Все'),(149,'2016-11-25',83,'34','Постановление','Правительство РФ','1087','2013-11-28','2015-12-29','Об определении случаев заключения контракта жизненного цикла','Федеральный','Контракт жизненного цикла, случаи применения.','Все'),(150,'2016-11-25',95,'25','Постановление','Правительство РФ','1088','2013-11-28','2014-06-09','Об утверждении Правил проведения совместных конкурсов и аукционов','Федеральный','Совместные конкурсы и аукционы','Все'),(151,'2016-11-25',65,'95','Постановление','Правительство РФ','1090','2013-11-28',NULL,'Об утверждении методики сокращения количества товаров, объемов работ или услуг при уменьшении цены контракта','Федеральный','Снижения лимитов, правила изменения контракта.','Все'),(152,'2016-11-25',64,'94','Постановление','Правительство РФ','1093','2013-11-28','2015-11-21','О порядке подготовки и размещения в единой информационной системе в сфере закупок отчета об исполнении государственного (муниципального) контракта и (или) о результатах отдельного этапа его исполнения','Федеральный','Отчёт об исполнении контракта','Все'),(153,'2016-11-25',107,'44','Постановление','Правительство РФ','1107','2014-10-28',NULL,'О требованиях к финансовой устойчивости банков, в которых оператором электронной площадки открываются счета для учета денежных средств, внесенных участниками закупок в качестве обеспечения заявок, порядке ведения перечня таких банков и требованиях к условиям договоров о ведении счетов для учета денежных средств, внесенных участниками закупок в качестве обеспечения заявок, заключаемых оператором электронной площадки с банком','Федеральный','Требования к устойчивости банков для площадок','Все'),(154,'2016-11-25',29,'99','Постановление','Правительство РФ','1148','2015-10-27',NULL,'О порядке ведения реестра жалоб, плановых и внеплановых проверок, принятых по ним решений и выданных предписаний','Федеральный','Реестр жалоб и проверок порядок ведения','Все'),(155,'2016-11-25',3,'16','Постановление','Правительство РФ','1168','2015-10-29','2016-12-29','Об утверждении Правил размещения в единой информационной системе в сфере закупок планов закупок товаров, работ, услуг для обеспечения государственных и муниципальных нужд, планов-графиков закупок товаров, работ, услуг для обеспечения государственных и муниципальных нужд','Федеральный','План закупок, план график порядок размещения в ЕИС','Все'),(156,'2016-11-25',65,'95','Постановление','Правительство РФ','1186','2013-12-19','2015-05-19','Об установлении размера цены контракта, при которой или при превышении которой существенные условия контракта могут быть изменены по соглашению сторон на основании решения Правительства Российской Федерации, высшего исполнительного органа государственной власти субъекта Российской Федерации и местной администрации, в случае если выполнение контракта по независящим от сторон контракта обстоятельствам без изменения его условий невозможно','Федеральный','Стоимость контракта когда можно его изменить по решению органа власти','Все'),(157,'2016-11-25',34,'97','Постановление','Правительство РФ','1193','2015-11-03','2017-05-30','О мониторинге закупок товаров, работ, услуг для обеспечения государственных и муниципальных нужд','Федеральный','Мониторинг','Все'),(159,'2018-01-11',2,'14','Постановление','Правительство РФ','1236','2015-11-16','2017-12-20','Об установлении запрета на допуск программного обеспечения, происходящего из иностранных государств, для целей осуществления закупок для обеспечения государственных и муниципальных нужд','Федеральный','Программное обеспечение, запрет иностранного софта','Все'),(161,'2016-11-25',37,'93','Постановление','Правительство РФ','1292','2013-12-26','2015-03-13','Об утверждении перечня товаров (работ, услуг), производимых (выполняемых, оказываемых) учреждениями и предприятиями уголовно-исполнительной системы, закупка которых может осуществляться заказчиком у единственного поставщика (подрядчика, исполнителя)','Федеральный','п. 11 ч.1 ст. 93 Перечень закупки у УИС','Все'),(162,'2016-11-25',74,'45','Приказ','Минфина','126н','2013-12-18','2015-07-13','О порядке формирования информации и документов для ведения реестра банковских гарантий','Федеральный','Реестр банковских гарантий порядок ведения','Все'),(163,'2016-11-25',100,'103','Приказ','Минфин','136н','2014-11-24','2017-01-31','О порядке формирования информации, а также обмена информацией и документами между заказчиком и Федеральным казначейством в целях ведения реестра контрактов, заключенных заказчиками','Федеральный','Реестр контрактов: порядок ведения.','Все'),(165,'2016-11-25',80,'80','Распоряжение','Правительство РФ','1765-р','2013-09-30','2015-12-17','Об утверждении перечня товаров, работ и услуг, необходимых для оказания гуманитарной помощи либо ликвидации последствий чрезвычайных ситуаций природного или техногенного характера','Федеральный','Перечень закупки с целью ликвидации аварий и чрезвычайных ситуаций','Все'),(166,'2016-11-25',46,'4','Постановление','Правительство РФ','1091','2013-11-28',NULL,'О единых требованиях к региональным и муниципальным информационным системам в сфере закупок товаров, работ, услуг для обеспечения государственных и муниципальных нужд','Федеральный','Требования к региональным информационным системам','Все'),(167,'2016-11-25',2,'14','Постановление','Правительство РФ','832','2016-08-22',NULL,'Об ограничениях допуска отдельных видов пищевых продуктов, происходящих из иностранных государств, для целей осуществления закупок для обеспечения государственных и муниципальных нужд','Федеральный','Национальный режим, запрет пищевых продуктов','Все'),(168,'2016-12-12',2,'14','Приказ','Минпромторг','609','2016-03-09',NULL,'Об утверждении Порядка выдачи акта экспертизы о соответствии товаров требованиям к промышленной продукции, предъявляемым в целях ее отнесения к продукции, произведенной в Российской Федерации, установленным приложением к постановлению Правительства Российской Федерации от 17 июля 2015 г. N 719 \"О критериях отнесения промышленной продукции к промышленной продукции, не имеющей аналогов, произведенных в Российской Федерации','Федеральный','Национальный режим, порядок экспертизы Минпромторга по ППРФ 719','Все'),(170,'2016-11-25',2,'14','Постановление','Правительство РФ','1457','2015-12-29',NULL,'О перечне отдельных видов работ (услуг), выполнение (оказание) которых на территории Российской Федерации организациями, находящимися под юрисдикцией Турецкой Республики, а также организациями, контролируемыми гражданами Турецкой Республики и (или) организациями, находящимися под юрисдикцией Турецкой Республики, запрещено','Федеральный','Турецкая республика: запрет','Все'),(171,'2016-11-25',2,'14','Постановление','Правительство РФ','1289','2015-11-30',NULL,'Об ограничениях и условиях допуска происходящих из иностранных государств лекарственных препаратов, включенных в перечень жизненно необходимых и важнейших лекарственных препаратов, для целей осуществления закупок для обеспечения государственных и муниципальных нужд','Федеральный','Национальный режим: Лекарственные средства','Все'),(172,'2016-11-25',46,'4','Приказ','Казначейство','26н','2015-12-30',NULL,'Об утверждении Порядка пользования единой информационной системой в сфере закупок','Федеральный','ЕИС: правила пользования','Все'),(173,'2016-11-25',27,'4','Приказ','Минфин','127н','2013-12-18',NULL,'О порядках присвоения, применения, а также изменения идентификационных кодов банков и заказчиков в целях ведения реестра контрактов, заключенных заказчиками, реестра контрактов, содержащего сведения, составляющие государственную тайну, и реестра банковских гарантий','Федеральный','Порядок присвоения кода заказчика','Все'),(174,'2016-11-25',100,'103','Приказ','Минфин','130н','2013-12-23',NULL,'Об утверждении Порядка формирования уникального номера реестровой записи в реестре контрактов, заключенных заказчиками, и реестре контрактов, содержащем сведения, составляющие государственную тайну','Федеральный','Реестр контрактов: порядок формироания реестрового номера контракта','Все'),(175,'2016-11-25',84,'84','Приказ','Минэко','189','2015-03-31',NULL,'Об утверждении Порядка согласования применения закрытых способов определения поставщиков (подрядчиков, исполнителей) и Порядка согласования заключения контракта с единственным поставщиком (подрядчиком, исполнителем)','Федеральный','Закрытые способы закупок: порядок согласования','Все'),(176,'2016-11-25',33,'99','Постановление','Правительство РФ','1092','2013-11-28','2016-08-27','О порядке осуществления Федеральным казначейством полномочий по контролю в финансово-бюджетной сфере','Федеральный','Порядок проведения внутрифинансового контроля','Все'),(177,'2016-11-25',30,'99','Приказ','Минфин','18н','2014-03-20',NULL,'Об утверждении Административного регламента исполнения Федеральной службой финансово-бюджетного надзора государственной функции по контролю в финансово-бюджетной сфере','Федеральный','Административный регламент Казначейства','Все'),(178,'2016-12-09',37,'93','Постановление','Правительство РФ','743','2016-08-02',NULL,'Об утверждении Правил определения цены контракта на закупку услуг по предоставлению права на доступ к информации, содержащейся в документальных, документографических, реферативных, полнотекстовых зарубежных базах данных и специализированных базах данных международных индексов научного цитирования, заключаемого государственными и муниципальными библиотеками, организациями, осуществляющими образовательную деятельность, государственными и муниципальными научными организациями и национальными библиотеками и федеральными библиотеками, имеющими научную специализацию','Федеральный','п. 45 ст. 93 Библиографические базы данных: порядок расчёта цены контракта','Все'),(179,'2018-01-11',2,'14','Постановление','Правительство РФ','719','2015-07-17','2017-12-22','О подтверждении производства промышленной продукции на территории Российской Федерации','Федеральный','Критерии отнесеня продукции к Российской','Все'),(180,'2016-12-09',37,'93','Приказ','Минпромторг','373','2008-12-01',NULL,'Об утверждении Положения о регистрации Министерством промышленности и торговли Российской Федерации образцов изделий народных художественных промыслов признанного художественного достоинства','Федеральный','п. 37 ст. 93 Изделия народного художественного промысла','Все'),(181,'2016-12-09',37,'93','Распоряжение','Правительство РФ','1637-р','2016-08-02',NULL,'Об утверждении перечня операторов документальных, документографических, реферативных, полнотекстовых зарубежных баз данных и специализированных баз данных международных индексов научного цитирования','Федеральный','п. 45 ст. 93 Библиографические базы данных: порядок расчёта цены контракта','Все'),(182,'2016-12-10',37,'93','Распоряжение','Правительство РФ','1726-р','2016-08-17',NULL,'О направлении бюджетных ассигнований на закупки школьных автобусов в 2016 году','Федеральный','п. 2 ст. 93 Прямые указания','Все'),(183,'2016-12-10',37,'93','Распоряжение','Правительство РФ','631-р','2014-04-18',NULL,'Об осуществлении видеонаблюдения при проведении единого государственного экзамена на территории Российской Федерации в 2014 году','Федеральный','п. 2 ст. 93 Прямые указания','Все'),(184,'2016-12-10',4,'99','Закон','Госдума','195-ФЗ','2001-12-30','2016-11-22','Кодекс Российской Федерации об административных правонарушениях','Федеральный','КоАП','Все'),(185,'2016-12-10',37,'93','Постановление','Правительство РФ','1','2016-01-01','2016-08-01','О мерах по реализации Указа Президента Российской Федерации от 1 января 2016 г. N 1 \"О мерах по обеспечению экономической безопасности и национальных интересов Российской Федерации при осуществлении международных транзитных перевозок грузов с территории Украины на территорию Республики Казахстан или Киргизской Республики через территорию Российской Федерации','Федеральный','п. 2 ст. 93 Прямые указания','Все'),(186,'2016-12-10',37,'93','Указ','Президента РФ','1','2016-01-01','2016-07-01','О мерах по обеспечению экономической безопасности и национальных интересов Российской Федерации при осуществлении международных транзитных перевозок грузов с территории Украины на территорию Республики Казахстан или Киргизской Республики через территорию Российской Федерации','Федеральный','п. 2 ст. 93 Прямые указания','Все'),(187,'2016-12-10',41,'31','Статья','ГрК РФ','48.1','2004-12-29','2006-12-18','Особо опасные, технически сложные и уникальные объекты','Федеральный','Особо опасные, технически сложные и уникальные объекты','Все'),(188,'2016-12-10',100,'103','Постановление','Правительство РФ','1084','2013-11-28','2017-04-13','О порядке ведения реестра контрактов, заключенных заказчиками, и реестра контрактов, содержащего сведения, составляющие государственную тайну\"\r\n(вместе с \"Правилами ведения реестра контрактов, заключенных заказчиками\", \"Правилами ведения реестра контрактов, содержащего сведения, составляющие государственную тайну\")','Федеральный','Ведение реестра контрактов','Все'),(189,'2016-12-10',46,'4','Приказ','Минфина','163н','2014-12-23','2016-11-03','О Порядке формирования и ведения реестра участников бюджетного процесса, а также юридических лиц, не являющихся участниками бюджетного процесса','Федеральный','Реестр участников закупок (СПЗ)','Все'),(190,'2016-12-10',37,'93','Распоряжение','Правительство РФ','2502-р','2016-11-25',NULL,'О направлении бюджетных ассигнований на закупки школьных автобусов в 2016 году','Федеральный','п. 2 ст. 93 Прямые указания','Все'),(191,'2016-12-12',15,'22','Постановление','Правительство РФ','1028','2016-10-11',NULL,'О сфере деятельности, в которой при осуществлении закупок устанавливается порядок определения начальной (максимальной) цены контракта, цены контракта, заключаемого с единственным поставщиком (подрядчиком, исполнителем), и федеральном органе исполнительной власти, устанавливающем такой порядок','Федеральный','Минтранс уполномочен на обоснование НМЦК на пассажирские перевозки.','Все'),(193,'2017-01-09',105,'30','Постановление','Правительство РФ','1466','2016-12-23','2017-10-07','Об утверждении типовых условий контрактов, предусматривающих привлечение к исполнению контрактов субподрядчиков, соисполнителей из числа субъектов малого предпринимательства, социально ориентированных некоммерческих организаций','Федеральный','Привлечение СМП на субподряд типовые условия.','Все'),(195,'2017-01-09',46,'5','Постановление','Правительство РФ','2488-р','2015-12-04',NULL,'Перечень\r\nюридических лиц для организации продажи государственного и муниципального имущества в электронной форме','Федеральный','Выбор площадок по продаже имущества и приватизации','Все'),(196,'2017-01-09',46,'5','Постановление','Правительство РФ','2933-р','2016-12-31',NULL,'О проведении электронных аукционов в соответствии с Федеральным законом от 05.04.2013 N 44-ФЗ','Федеральный','Выбор полщадок по электронному аукциону','Все'),(197,'2017-01-16',90,'38','Распоряжение','Правительство РФ','2042-р','2016-09-29',NULL,'О центре профессиональной подготовки, переподготовки и повышения квалификации рабочих кадров','Федеральный','Формирование центра профподготовки.','Все'),(198,'2017-01-16',43,'1','Распоряжение','Правительство РФ','2931-р','2016-12-31','2017-03-16','Об утверждении перечня федеральных государственных унитарных предприятий, имеющих существенное значение для обеспечения прав и законных интересов граждан Российской Федерации, обороноспособности и безопасности государства','Федеральный','Перечень ФГУП вышедших из закона.','Все'),(199,'2017-01-18',2,'14','Постановление','Правительство РФ','9','2017-01-14',NULL,'Об установлении запрета на допуск товаров, происходящих из иностранных государств, работ (услуг), выполняемых (оказываемых) иностранными лицами, для целей осуществления закупок товаров, работ (услуг) для нужд обороны страны и безопасности государства','Федеральный','Запрет для нужд обороны страны и безопасности государства','Все'),(200,'2017-01-24',2,'14','Приказ','ТПП','155','2016-12-22',NULL,'О Положении о порядке выдачи сертификатов о происхождении товаров формы СТ-1 для целей осуществления закупок для обеспечения государственных и муниципальных нужд (для отдельных видов радиоэлектронной продукции)','Федеральный','СТ-1 для радиоэлектронной продукции согласно ППРФ от 26.09.2016 N 968','Все'),(203,'2017-01-31',15,'22','Приказ','Минстроя','1028/пр','2016-12-29',NULL,'Об утверждении Методики применения сметных норм','Федеральный','Как считать смету для 44-ФЗ и 223-ФЗ.','Все'),(204,'2016-11-25',75,'33','Постановление','Правительство РФ','929','2013-10-17',NULL,'Об установлении предельного значения начальной (максимальной) цены контракта (цены лота), при превышении которого не могут быть предметом одного контракта (одного лота) лекарственные средства с различными международными непатентованными наименованиями или при отсутствии таких наименований с химическими, группировочными наименованиями','Федеральный','Предельная цена контракта лекарственных средств.','Все'),(205,'2017-02-14',15,'111.3','Постановление','Правительство РФ','121','2017-02-02',NULL,'Об утверждении общих требований к устанавливаемому федеральным органом исполнительной власти для целей осуществления закупок в соответствии с пунктом 47 части 1 статьи 93 Федерального закона \"О контрактной системе в сфере закупок товаров, работ, услуг для обеспечения государственных и муниципальных нужд\" порядку определения предельной цены единицы товара, производство которого создается или модернизируется и (или) осваивается на территории Российской Федерации в соответствии со специальным инвестиционным контрактом','Федеральный','НМЦК инвестиционного контракта','Все'),(206,'2017-02-14',52,'23','Постановление','Правительство РФ','145','2017-02-08',NULL,'Об утверждении Правил формирования и ведения в единой информационной системе в сфере закупок каталога товаров, работ, услуг для обеспечения государственных и муниципальных нужд и Правил использования указанного каталога','Федеральный','Католог ТРУ, правила формирования','Все'),(207,'2017-02-14',15,'22','Постановление','Правительство РФ','149','2017-02-08',NULL,'О федеральном органе исполнительной власти, уполномоченном на установление порядка определения начальной (максимальной) цены контракта, цены контракта, заключаемого с единственным поставщиком (подрядчиком, исполнителем), при осуществлении закупок лекарственных препаратов для медицинского применения','Федеральный','Минздрав получил полномочия по обоснованию НМЦК для медицины','Все'),(208,'2017-02-14',35,'20','Постановление','Правительство РФ','835','2016-08-22',NULL,'Об утверждении Правил проведения обязательного общественного обсуждения закупок товаров, работ, услуг для обеспечения государственных и муниципальных нужд','Федеральный','Общественное обсуждение закупок','Все'),(210,'2017-02-14',3,'16','Постановление','Правительство РФ','73','2017-01-25',NULL,'О внесении изменений в некоторые акты Правительства Российской Федерации','Федеральный','Внесение изменение в планирование','Все'),(211,'2017-03-10',81,'111.3','Постановление','Правительство РФ','231','2017-02-27',NULL,'О ведении реестра единственных поставщиков товара, производство которого создается или модернизируется и (или) осваивается на территории Российской Федерации, и об определении федерального органа исполнительной власти, уполномоченного на ведение реестра единственных поставщиков товара, производство которого создается или модернизируется и (или) осваивается на территории Российской Федерации','Федеральный','Ведение реестра единственных поставщиков по инвестиционным контрактам','Все'),(212,'2017-03-10',81,'111.3','Постановление','Правительство РФ','1522','2016-12-28',NULL,'Об утверждении Правил подготовки акта Правительства Российской Федерации об определении стороны - инвестора специального инвестиционного контракта или привлеченного такой стороной-инвестором иного лица, осуществляющего создание или модернизацию и (или) освоение производства товара на территории Российской Федерации в соответствии со специальным инвестиционным контрактом, заключенным на основании Федерального закона \"О промышленной политике в Российской Федерации\", единственным поставщиком указанного товара, информация о котором включается в реестр единственных поставщиков товара, производство которого создается или модернизируется и (или) осваивается на территории Российской Федерации','Федеральный','Правила подготовки актов по которым заключаются специальные инвестиционные контракты','Все'),(214,'2017-03-10',81,'111.3','Постановление','Правительство РФ','96','2017-01-28',NULL,'О форме отчета о соблюдении стороной-инвестором специального инвестиционного контракта, заключенного на основании Федерального закона \"О промышленной политике в Российской Федерации\", или привлеченным такой стороной-инвестором иным лицом, осуществляющими создание или модернизацию и (или) освоение производства товара на территории Российской Федерации в соответствии со специальным инвестиционным контрактом, требований пункта 5 части 1 статьи 111.3 Федерального закона \"О контрактной системе в сфере закупок товаров, работ, услуг для обеспечения государственных и муниципальных нужд\" к совокупному количеству товара, поставку которого указанные сторона-инвестор специального инвестиционного контракта или привлеченное такой стороной-инвестором иное лицо вправе осуществить, требованиях к содержанию и сроках размещения такого отчета в единой информационной системе в сфере закупок','Федеральный','Отчёт исполнителя инвестиционного контракта','Все'),(215,'2017-03-28',2,'14','Постановление','Правительство РФ','325','2017-03-23',NULL,'Об утверждении дополнительных требований к программам для электронных вычислительных машин и базам данных, сведения о которых включены в реестр российского программного обеспечения, и внесении изменений в правила формирования и ведения единого реестра российских программ для электронных вычислительных машин и баз данных.','Федеральный','Требования к пограммному обеспечению из реестра ПО закупаемых Федералами.','Все'),(216,'2017-04-04',37,'93','Распоряжение','Правительство РФ','275-р','2017-02-17',NULL,'Об определении акционерного общества \"РТ-Проектные технологии\" единственным исполнителем осуществляемых Казначейством России в 2017 - 2018 годах закупок работ и услуг по развитию и эксплуатации единой информационной системы в сфере закупок','Федеральный','п. 2 ст. 93 Прямые указания.\r\nРТ-Проектные технологии - функционировние ЕИС.','Все'),(217,'2017-04-04',37,'93','Распоряжение','Правительство РФ','1026-р','2015-06-04',NULL,'Акты органов власти (3)\r\nОб определении на 2-летний период ОАО \"Росгеология\" единственным исполнителем осуществляемых Роснедрами закупок работ по выполнению мероприятий подпрограммы \"Воспроизводство минерально-сырьевой базы, геологическое изучение недр\" государственной программы РФ \"Воспроизводство и использование природных ресурсов\", утвержденной постановлением Правительства РФ от 15 апреля 2014 г. N 322','Федеральный','п. 2 ст. 93 \"Росгеология\"','Все'),(218,'2017-04-04',37,'93','Распоряжение','Правительство РФ','606-р','2015-04-09',NULL,'Об утверждении перечня организаций, определяемых единственными исполнителями, у которых ФМС РФ и ее территориальные органы осуществляют закупки транспортных услуг по авиаперевозке к месту пребывания на территории РФ граждан Украины и лиц без гражданства, постоянно проживавших на территории Украины и прибывших на территорию Российской Федерации в экстренном массовом порядке','Федеральный','п. 2 ст. 93 Авиаперевозки','Все'),(219,'2017-04-04',37,'93','Распоряжение','Правительство РФ','634-р','2015-04-11',NULL,'Об определении на 2015-2017 г.г. ООО \"РН-Карт\" единственным поставщиком моторного топлива для служебных транспортных средств для нужд следственных органов и учреждений Следственного комитета РФ','Федеральный','п. 2 ст. 93 \"РН-Карт\"','Все'),(220,'2017-04-04',37,'93','Распоряжение','Правительство РФ','2067-р','2015-10-15',NULL,'Об определении ООО \"Трансстроймеханизация\" единственным исполнителем работ и услуг, связанных со строительством и вводом в эксплуатацию новой взлетно-посадочной полосы международного аэропорта Шереметьево в рамках Программы подготовки к проведению в 2018 г. в РФ чемпионата мира по футболу','Федеральный','п. 2 ст. 93 \"Трансстроймеханизация\"','Все'),(221,'2017-04-04',37,'93','Распоряжение','Правительство РФ','1675-р','2015-08-29',NULL,'Об определении ФГУП \"Федеральный центр по проектированию и развитию объектов ядерной медицины\" Федерального медико-биологического агентства единственным исполнителем осуществляемой ФМБА России закупки работ по проектированию и завершению строительства федерального высокотехнологичного центра медицинской радиологии ФМБА России, г. Димитровград, Ульяновская область','Федеральный','п. 2 ст. 93  ФГУП \"Федеральный центр по проектированию и развитию объектов ядерной медицины\" Федерального медико-биологического агентства','Все'),(222,'2017-04-04',37,'93','Распоряжение','Правительство РФ','855-р','2015-05-12',NULL,'Об определении с 2017 года по 2022 год включительно ООО \"Стентекс\" единственным поставщиком стентов для коронарных артерий металлических непокрытых, стентов для коронарных артерий, выделяющих лекарственное средство (с нерассасывающимся полимерным покрытием), катетеров баллонных стандартных для коронарной ангиопластики, катетеров аспирационных для эмболоэктомии (тромбоэктомии), закупаемых федеральными государственными бюджетными учреждениями и государственными бюджетными учреждениями субъектов Российской Федерации при оказании медицинской помощи','Федеральный','п. 2 ст. 93 ООО \"Стентекс\"','Все'),(223,'2017-04-04',37,'93','Распоряжение','Правительство РФ','1125-р','2015-06-17',NULL,'Об определении АО \"Национальная иммунобиологическая компания\" единственным поставщиком иммунобиологических лекарственных препаратов, производство которых осуществляется на всех стадиях технологического процесса на территории Российской Федерации, закупка которых в целях проведения профилактических прививок, включенных в национальный календарь профилактических прививок, осуществляется в 2015 - 2017 годах Минздравом России','Федеральный','п. 2 ст. 93 АО \"Национальная иммунобиологическая компания\"','Все'),(224,'2017-04-11',33,'99','Приказ','Минфина','29н','2017-03-06',NULL,'Об утверждении документов, обеспечивающих осуществление внутреннего финансового контроля в министерстве финансов российской федерации и подведомственных министерству финансов российской федерации федеральных казенных учреждениях, и регламента проведения министерством финансов российской федерации ведомственного контроля в сфере закупок для обеспечения федеральных нужд','Федеральный','Внутренний финансовый контроль Казначейства','Все'),(225,'2017-04-11',85,NULL,'Постановление','Правительство РФ','249','2017-03-03',NULL,'О казначейском сопровождении средств в валюте российской федерации, получаемых при осуществлении расчетов в целях исполнения государственных контрактов (контрактов) по государственному оборонному заказу','Федеральный','Гособоронзаказ: порядок казначейского сопровождения','Все'),(226,'2017-04-11',2,'14','Приказ','Минпромторга','384','2017-02-10',NULL,'Об утверждении порядка выдачи заключения министерства промышленности и торговли российской федерации об отсутствии производства на территории российской федерации товаров отраслей промышленности, нормативно-правовое регулирование в сфере которых осуществляет министерство промышленности и торговли российской федерации','Федеральный','Порядок выдачи заключения об отсутсвтвии производства на территории РФ','Все'),(227,'2017-04-11',85,NULL,'Указание','ЦБ РФ','4210-У','2016-11-22',NULL,'Об особенностях мониторинга расчетов по государственному оборонному заказу','Федеральный','Особенности мониторинга расчётов по гособоронзаказу','Все'),(228,'2017-04-18',22,NULL,'Приказ','Казначейство','10н','2017-03-20',NULL,'Об утверждении форм документов, применяемых при осуществлении операций по казначейскому обеспечению обязательств при казначейском сопровождении целевых средств, и порядка их заполнения','Федеральный','Порядок сопровождения целевых средств','Все'),(229,'2017-04-25',2,'14','Приказ','Минпромторг','3568','2015-11-12',NULL,'Об утверждении Порядка подтверждения производства промышленной продукции на территории Российской Федерации и Порядка определения отличий параметров промышленной продукции, касающихся функционального назначения или перечня выполняемых функций, области применения, качественных характеристик (длительность гарантийного срока, срока годности или срока службы, надежность, энергоемкость, экологичность, физические, химические, механические, органолептические свойства, не относящиеся исключительно к внешнему виду промышленной продукции и существенным образом влияющие на функциональное назначение, область применения или качественные характеристики промышленной продукции), от параметров произведенной в Российской Федерации промышленной продукции','Федеральный','Подтверждение производства товара в Российской Федерации','Все'),(230,'2017-04-25',86,'14','Постановление','Правительство РФ','1155','2011-12-26',NULL,'О закупках лекарственных препаратов, предназначенных для обеспечения лиц, больных гемофилией, муковисцидозом, гипофизарным нанизмом, болезнью Гоше, злокачественными новообразованиями лимфоидной, кроветворной и родственных им тканей, рассеянным склерозом, лиц после трансплантации органов и (или) тканей\"\r\n(вместе с \"Положением о закупках лекарственных препаратов, предназначенных для обеспечения лиц, больных гемофилией, муковисцидозом, гипофизарным нанизмом, болезнью Гоше, злокачественными новообразованиями лимфоидной, кроветворной и родственных им тканей, рассеянным склерозом, лиц после трансплантации органов и (или) тканей','Федеральный','Особый порядок закупок Минздравом особых препаратов','Все'),(231,'2017-04-25',2,'14','Приказ','ТПП','29','2015-04-10','2017-04-04','\"О Положении о порядке выдачи сертификатов о происхождении товаров формы СТ-1 для целей осуществления закупок для обеспечения государственных и муниципальных нужд (для отдельных видов медицинских изделий)\"','Федеральный','СТ-1 для медицинских изделий согласно ППРФ от 05.02.2015 года № 102','Все'),(232,'2017-04-25',2,'14','Приказ','ТПП','30','2015-04-10','2017-04-04','\"О Порядке заполнения актов экспертизы по определению страны происхождения товаров и соответствия товаров требованиям постановления Правительства РФ \"Об установлении ограничения допуска отдельных видов медицинских изделий, происходящих из иностранных государств, для целей осуществления закупок для обеспечения государственных и муниципальных нужд\" от 5 февраля 2015 года N 102\"','Федеральный','Акты экспертизы для медицинских изделий согласно ППРФ от 05.02.2015 года № 102','Все'),(233,'2017-04-25',46,'4','Постановление','Правительство РФ','442','2017-04-13',NULL,'Об определении федерального органа исполнительной власти, уполномоченного на осуществление функций по выработке функциональных требований к единой информационной системе в сфере закупок, по созданию, развитию, ведению и обслуживанию единой информационной системы в сфере закупок, по установлению порядка регистрации в единой информационной системе в сфере закупок и порядка пользования единой информационной системой в сфере закупок, и о внесении изменений в некоторые акты Правительства Российской Федерации и признании утратившим силу постановления Правительства Российской Федерации от 30 сентября 2014 г. N 996','Федеральный','Полномочия по ЕИС переходят в Казначейство','Все'),(234,'2017-04-25',8,'3','Постановление','Правительство РФ','446','2017-04-14',NULL,'О внесении изменений в некоторые акты Правительства Российской Федерации','Федеральный','Передача полномочий по контрактной системе в Минфин','Все'),(235,'2017-04-25',105,NULL,'Приказ','Минздрав','982н','2016-12-21',NULL,'Об утверждении типового контракта на поставку стентов для коронарных артерий металлических непокрытых, стентов для коронарных артерий, выделяющих лекарственное средство (с нерассасывающимся полимерным покрытием), катетеров баллонных стандартных для коронарной ангиопластики, катетеров аспирационных для эмболоэктомии (тромбэктомии), заключаемого единственным поставщиком - обществом с ограниченной ответственностью \"Стентекс\" и федеральными государственными бюджетными учреждениями и государственными бюджетными учреждениями субъектов Российской Федерации, и информационной карты указанного типового контракта','Федеральный','Типовой контрак Минздрава на спец. мед. Изделия','Все'),(236,'2017-04-25',85,NULL,'Приказ','Казначейство','9н','2017-03-20',NULL,'Об утверждении Порядка формирования идентификатора государственного контракта, контракта учреждения, соглашения при казначейском сопровождении средств в валюте Российской Федерации в случаях, предусмотренных Федеральным законом \"О федеральном бюджете на 2017 год и на плановый период 2018 и 2019 годов','Федеральный','Правила формирования идетнификатора контракта в ГОЗ','Все'),(237,'2017-05-04',2,'14','Приказ','ТПП','33','2016-04-28','2017-04-04','О Положении о порядке выдачи актов экспертизы о соответствии производимой промышленной продукции требованиям, предъявляемым в целях ее отнесения к продукции, произведенной в Российской Федерации','Федеральный','Порядок выдачи акта экспертизы о соответствии продукции ППРФ 719','Все'),(238,'2017-05-19',82,'110.2','Постановление','Правительство РФ','570','2017-05-15',NULL,'Об установлении видов и объемов работ по строительству, реконструкции объектов капитального строительства, которые подрядчик обязан выполнить самостоятельно без привлечения других лиц к исполнению своих обязательств по государственному и (или) муниципальному контрактам, и о внесении изменений в Правила определения размера штрафа, начисляемого в случае ненадлежащего исполнения заказчиком, поставщиком (подрядчиком, исполнителем) обязательств, предусмотренных контрактом (за исключением просрочки исполнения обязательств заказчиком, поставщиком (подрядчиком, исполнителем), и размера пени, начисляемой за каждый день просрочки исполнения поставщиком (подрядчиком, исполнителем) обязательства, предусмотренного контрактом','Федеральный','Виды работ в которых заказчик может установить запрет на субпордяд','Все'),(239,'2017-05-19',82,'34','Постановление','Правительство РФ','563','2017-05-12',NULL,'О порядке и об основаниях заключения контрактов, предметом которых является одновременно выполнение работ по проектированию, строительству и вводу в эксплуатацию объектов капитального строительства, и о внесении изменений в некоторые акты правительства российской федерации','Федеральный','Порядок и случаи заключения контрактов одновремнно на проектирование и стоительство (под ключ)','Все'),(240,'2017-07-11',105,'34','Приказ','Минпромторг','467','2016-02-20','2017-05-19','Об утверждении типового контракта на оказание услуг выставочной и ярмарочной деятельности для обеспечения государственных и муниципальных нужд, типового контракта на оказание услуг по диагностике, техническому обслуживанию и ремонту автотранспортных средств для обеспечения государственных и муниципальных нужд, типового контракта на поставку продукции радиоэлектронной промышленности, судостроительной промышленности, авиационной техники для обеспечения государственных и муниципальных нужд, информационной карты типового контракта на оказание услуг выставочной и ярмарочной деятельности для обеспечения государственных и муниципальных нужд, информационной карты типового контракта на оказание услуг по диагностике, техническому обслуживанию и ремонту автотранспортных средств для обеспечения государственных и муниципальных нужд и информационной карты типового контракта на поставку продукции радиоэлектронной промышленности, судостроительной промышленности, авиационной техники для обеспечения государственных и муниципальных нужд','Федеральный','Типовые контракты от Минпромторга','Все'),(241,'2017-07-25',1,NULL,'Распоряжение','Правительство РФ','1502-р','2017-07-14',NULL,'Об обеспечение Казначейством России сопровождения денежных средств','Федеральный','Казначейское сопровождение отдельных контрактов','Все'),(242,'2017-10-24',2,'14','Постановление','Правительство РФ','1072','2017-09-05',NULL,'Об установлении запрета на допуск отдельных видов товаров мебельной и деревообрабатывающей промышленности, происходящих из иностранных государств, для целей осуществления закупок для обеспечения государственных и муниципальных нужд','Федеральный','Запрет на закупку иностарнной мебели.','Все'),(243,'2017-10-24',2,'14','Постановление','Правительство РФ','967','2017-08-14',NULL,'Об особенностях осуществления закупки медицинских изделий одноразового применения (использования) из поливинилхлоридных пластиков для обеспечения государственных и муниципальных нужд','Федеральный','Особенности закупки одноразовых мед. изделий из пластика.','Все'),(244,'2017-10-25',2,'14','Постановление','Правительство РФ','550','2017-05-10',NULL,'О подтверждении производства промышленной продукции на территории Российской Федерации и внесении изменений в постановление Правительства Российской Федерации от 17 июля 2015 г. N 719','Федеральный','Порядок выдачи заключения Минпромторгом производителю о том что его продукция производится в РФ. После февраля 2018 оно само себя анулирует.','Все'),(245,'2017-10-31',2,'14','Приказ','Минкомсвязь','622','2015-12-31',NULL,'Об утверждении правил применения классификатора программ для электронных вычислительных машин и баз данных','Федеральный','Порядок использования классификатора экспертным советом.','Все'),(246,'2017-11-01',15,'22','Распоряжение','Правительство РФ','1995-р','2017-09-18',NULL,'Об источниках информации для целей определения начальной (максимальной) цены контракта, цены контракта, заключаемого с единственным поставщиком (подрядчиком, исполнителем), на поставку технических средств реабилитации и услуг, предусмотренных федеральным перечнем, утв. распоряжением Правительства РФ от 30.12.2005 N 2347-р','Федеральный','Исчерпывающий перечень источников информации для закупки средств реабилитации','Все'),(247,'2017-11-01',15,'22','Приказ','Минздрав, Минпромторг','759н/3450','2017-10-04',NULL,'Об утверждении методики расчета начальной (максимальной) цены контракта на поставку медицинских изделий, включенных в перечень медицинских изделий одноразового применения (использования) из поливинилхлоридных пластиков, происходящих из иностранных государств, в отношении которых устанавливаются ограничения допуска для целей осуществления закупок для обеспечения государственных и муниципальных нужд, утвержденный постановлением правительства российской федерации от 5 февраля 2015 г. N 102','Федеральный','Методика обоснования НМЦК по ППРФ 102 по перечню 2.','Все'),(248,'2017-11-20',37,'93','Распоряжение','Правительство РФ','2464-р','2017-11-08',NULL,'Об определении на 2018 - 2019 годы ПАО \"Нефтяная компания \"Роснефть\" и ООО \"РН-Карт\" единственными поставщиками моторных топлив для служебных транспортных средств следственных органов и учреждений Следственного комитета Российской Федерации','Федеральный','п. 2 ч. 1 ст. 93 Единственный поставщик по решению правительсва Роснефть и РН-Карт топливо для следственных органов','Все'),(249,'2017-11-20',37,'93','Распоряжение','Правительство РФ','2483-р','2017-11-09',NULL,'Об определении публичного акционерного общества междугородной и международной электрической связи \"Ростелеком\" единственным исполнителем (подрядчиком) осуществляемых в 2017 и 2018 годах закупок Генеральной прокуратурой Российской Федерации услуг (работ) по обеспечению информационной безопасности органов прокуратуры Российской Федерации, а также по обеспечению этих органов информационно-телекоммуникационной инфраструктурой','Федеральный','п. 2 ч. 1 ст. 93 Единственный поставщик по решению правительсва Ростелеком для Генпрокуратуры с 100 аванс','Все'),(250,'2017-11-21',56,'33','Постановление','Правительство РФ','1380','2017-11-15',NULL,'Об особенностях описания лекарственных препаратов для медицинского применения, являющихся объектом закупки для обеспечения государственных и муниципальных нужд','Федеральный','Техническое задание на закупку лекарственных средств','Все'),(251,'2017-11-23',67,'34','Постановление','Правительство РФ','1042','2017-08-30',NULL,'Об утверждении Правил определения размера штрафа, начисляемого в случае ненадлежащего исполнения заказчиком, неисполнения или ненадлежащего исполнения поставщиком (подрядчиком, исполнителем) обязательств, предусмотренных контрактом (за исключением просрочки исполнения обязательств заказчиком, поставщиком (подрядчиком, исполнителем), и размера пени, начисляемой за каждый день просрочки исполнения поставщиком (подрядчиком, исполнителем) обязательства, предусмотренного контрактом, о внесении изменений в постановление Правительства Российской Федерации от 15 мая 2017 г. N 570 и признании утратившим силу постановления Правительства Российской Федерации от 25 ноября 2013 г. N 1063','Федеральный','Правила расчёта неустойки (штрафов и пеней)','Все'),(252,'2017-12-01',21,'111','Постановление','Правительство РФ','1428','2017-11-27',NULL,'Об особенностях осуществления закупки для нужд обороны страны и безопасности государства','Федеральный','Все закупки Минобр, ФСБ, службы внешней разведки считать закрытыми до 1 июля 2018 года','Все'),(254,'2017-12-05',75,'22','Приказ','Минздрав','871н','2017-10-26',NULL,'Об утверждении порядка определения начальной (максимальной) цены контракта, цены контракта, заключаемого с единственным поставщиком (подрядчиком, исполнителем), при осуществлении закупок лекарственных препаратов для медицинского применения','Федеральный','Порядок расчёта НМЦК по лекарствам','Все'),(255,'2017-12-15',32,'98','Методические рекомендации','Счетная палата РФ','31К (668)','2009-06-09',NULL,'Методические рекомендации по проведению аудита эффективности использования государственных средств','Федеральный','Методика проверки бюджетного законадательства Счётной палаты','Федеральный'),(256,'2017-12-21',1,NULL,'Постановление','Правительство РФ','1496','2017-12-09',NULL,'О мерах по обеспечению исполнения федерального бюджета\"\r\n(вместе с \"Положением о мерах по обеспечению исполнения федерального бюджета\")','Федеральный','Правила расходования бюджетных средств','Федеральный'),(257,'2018-01-11',2,'14','Постановление','Правительство РФ','1469','2017-12-04',NULL,'Об ограничениях и условиях допуска стентов для коронарных артерий металлических непокрытых, стентов для коронарных артерий, выделяющих лекарственное средство (в том числе с нерассасывающимся полимерным покрытием и с рассасывающимся полимерным покрытием), катетеров баллонных стандартных для коронарной ангиопластики, катетеров аспирационных для эмболэктомии (тромбэктомии), происходящих из иностранных государств, для целей осуществления закупок для обеспечения государственных и муниципальных нужд','Федеральный','Национальный режим при закупке коронарных стентов и катетеров','Все'),(258,'2018-01-25',1,NULL,'Распоряжение','Правительство РФ','21-р','2018-01-16',NULL,'Об утверждении перечня товаров и услуг, в отношении которых при заключении договоров (государственных контрактов) о поставке товаров (оказании услуг) получателями средств федерального бюджета не предусматриваются авансовые платежи','Федеральный','Список контрактов в ктороых федералом запрещено авансирование','Все'),(259,'2018-02-02',75,'14','Письмо','Минздрав','25-3/10/1-150','2018-01-15',NULL,'Информация о средневзвешенных ценах на медицинские изделия, включенные в перечень медицинских изделий одноразового применения (использования) из поливинилхлоридных пластиков, происходящих из иностранных государств, в отношении которых устанавливаются ограничения допуска для целей осуществления закупок для обеспечения государственных и муниципальных нужд, утвержденный постановлением правительства российской федерации от 5 февраля 2015 г. N 102 (с изменениями, внесенными постановлением правительства российской федерации от 14 августа 2017 г. N 968)','Федеральный','Ссредневзвешенные цены одноразовых медизделий из пластика, включенных в перечень ППРФ № 102 по нац. режиму.','Все');
/*!40000 ALTER TABLE `npa` ENABLE KEYS */;
UNLOCK TABLES;

--
-- Table structure for table `user`
--

DROP TABLE IF EXISTS `user`;
/*!40101 SET @saved_cs_client     = @@character_set_client */;
/*!40101 SET character_set_client = utf8 */;
CREATE TABLE `user` (
  `id` int(10) unsigned NOT NULL AUTO_INCREMENT,
  `username` varchar(255) NOT NULL,
  `password` varchar(255) NOT NULL,
  `auth_key` varchar(255) DEFAULT NULL,
  PRIMARY KEY (`id`)
) ENGINE=InnoDB AUTO_INCREMENT=4 DEFAULT CHARSET=utf8;
/*!40101 SET character_set_client = @saved_cs_client */;

--
-- Dumping data for table `user`
--

LOCK TABLES `user` WRITE;
/*!40000 ALTER TABLE `user` DISABLE KEYS */;
INSERT INTO `user` VALUES (2,'dima','$2y$13$gmphT4jFfEvhcO5etzyEseflypAd/IjoTm0tjPMMJ1FFl1EmMH4gC','HHKOniaUaX'),(3,'Дмитрий','$2y$13$KhDIapZZVsTPKPQkkgNx0O12JozkPCuQoCDoa08xy2cXxgqWjet52','VK0plUGQdb');
/*!40000 ALTER TABLE `user` ENABLE KEYS */;
UNLOCK TABLES;
/*!40103 SET TIME_ZONE=@OLD_TIME_ZONE */;

/*!40101 SET SQL_MODE=@OLD_SQL_MODE */;
/*!40014 SET FOREIGN_KEY_CHECKS=@OLD_FOREIGN_KEY_CHECKS */;
/*!40014 SET UNIQUE_CHECKS=@OLD_UNIQUE_CHECKS */;
/*!40101 SET CHARACTER_SET_CLIENT=@OLD_CHARACTER_SET_CLIENT */;
/*!40101 SET CHARACTER_SET_RESULTS=@OLD_CHARACTER_SET_RESULTS */;
/*!40101 SET COLLATION_CONNECTION=@OLD_COLLATION_CONNECTION */;
/*!40111 SET SQL_NOTES=@OLD_SQL_NOTES */;

-- Dump completed on 2018-06-04 23:38:42
